ID,Name,Slug,Coordinates,Province
495,آب بر,ab-br,"48.952582136,36.927923362",21
580,آباد,abad,"51.250106902,29.029348722",7
191,آبادان,abadan,"48.60038637,30.20422262",20
260,آباده,abade,"52.433819779,31.208023216",24
593,آباده طشک,abade-tshk,"53.725892479,29.811035353",24
980,آبپخش,abpkhsh,"51.066458625,29.367930216",7
1805,آبدان,abdan,"51.767845155,28.07969484",7
86,آبدانان,abdanan,"47.524275265,32.846182428",6
884,آبژدان,abzhdan,"49.453219362,32.063647833",20
1648,آبسرد,absard,"52.15643407,35.6221404",8
800,آبش احمد,absh-ahmd,"47.315800105,39.045485572",1
889,آبعلی,abali,"51.966525362,35.768157253",8
857,آبگرم,abgrm,"49.284298418,35.757613596",25
1763,آبی بیگلو,abi-bigl,"48.552855778,38.281799327",3
1225,آبیز,abiz,"59.964335098,33.69459373",17
297,آبیک,abik,"50.351996466,36.091762894",25
1580,آجین,ajin,"47.926010444,34.737338493",37
1661,آچاچی,achachi,"47.781449512,37.398178123",1
1,آذرشهر,azarshahr,"45.817293148,37.722983723",1
227,آرادان,aradan,"52.632297935,34.904195081",22
1468,آراللو,arall,"48.421704203,38.138569048",3
52,آران و بیدگل,aran-o-bidgl,"51.894914836,34.156913257",4
1349,آرمرده,armrde,"45.794661858,35.930934231",27
665,آرین شهر,arin-shahr,"59.23306909,33.329678963",17
359,آزادشهر,azadshahr,"55.335391394,36.989916591",31
1491,آزادی,azadi,"48.24794784,32.399082876",20
1190,آسارا,asara,"51.171497606,36.028947145",5
373,آستارا,astara,"48.747428495,38.350940583",32
663,آستانه,astane,"49.347395059,33.886963608",35
374,آستانه اشرفیه,astane-asharfye,"49.975834838,37.333345088",32
483,آستانه سرا,astane-sra,"56.47,32.01",34
1511,آسمان آباد,asman-abad,"46.464651509,33.849720512",6
8776,آشار,ashar,"56.47,32.01",23
422,آشتیان,ashtyan,"50.057297506,34.43766608",35
918,آشخانه,ashkhane,"56.923916683,37.558001522",19
192,آغاجاری,aghajari,"49.904942969,30.750836404",20
360,آق قلا,aq-qla,"54.532622363,37.166980941",31
1417,آقکند,aqknd,"48.058991932,37.258791879",1
1484,آکند,aknd,"53.078713281,36.695815085",34
1539,آلاشت,alasht,"52.83137015,36.06637619",34
1236,آلماجق,almajq,"56.47,32.01",18
681,آلنی,alni,"56.47,32.01",3
685,آلونی,alni,"51.062508393,31.55194141",16
400,آمل,aml,"52.246490887,36.108499746",34
1403,آوا,aoa,"56.736721441,37.478045855",19
1026,آواجیق,aoajiq,"44.154032731,39.331041235",2
298,آوج,aoj,"49.228638224,35.672321138",25
1820,آوه,aoh,"50.418299088,34.797390763",35
1210,آیسک,aysk,"58.382047199,33.884064593",17
457,ابرکوه,abrkoh,"53.380823942,31.097091597",38
820,ابریشم,abrishm,"51.576099175,32.56947567",4
219,ابهر,aber,"49.133560463,36.165621338",21
1319,ابوحمیظه,abuhmize,"48.218696075,31.5268775",20
1622,ابوزیدآباد,abuzidabad,"51.765846095,33.907921011",4
434,ابوموسی,abumsi,"54.750581895,26.120667183",36
1315,احمد سر گوراب,ahmd-sr-grab,"49.366132123,37.136553774",32
888,احمدآباد,ahmdabad,"53.988856712,32.357335827",38
989,احمدآبادصولت,ahmdabadsolt,"60.693619347,35.116414932",18
831,اختیارآباد,akhtyarabad,"56.919078088,30.328310302",28
1346,ادیمی,adimi,"61.416070089,31.105410638",23
423,اراک,arak,"49.799419792,34.149858766",35
485,اربطان,arbtan,"46.937640831,38.174287542",1
1532,ارجمند,arjmnd,"52.512608796,35.818647953",8
858,ارد,ard,"53.625086533,27.729557723",24
722,ارداق,ardaq,"49.826518053,36.05326366",25
41,اردبیل,ardbil,"48.285444109,38.251972822",3
53,اردستان,ardstan,"52.542695561,33.563597987",4
458,اردکان,ardkan,"54.765499861,32.606939201",38
1598,اردکان,ardkan,"51.992826465,30.245021249",24
129,اردل,ardl,"50.462130937,31.92047173",16
1433,اردیموسی,ardimsi,"48.133898934,38.199334749",3
314,ارزوئیه,arzeye,"56.525795813,28.440818963",28
557,ارسک,arsk,"57.374988726,33.700633147",17
261,ارسنجان,arsnjan,"53.392719631,29.841593735",24
606,ارطه,arte,"52.944528489,36.494945297",34
1780,ارکواز,arkaz,"46.595923182,33.384347209",6
647,ارمغانخانه,armghankhane,"48.361649783,36.973261193",21
22,ارومیه,armye,"45.023454661,37.632378089",2
1014,اروندکنار,arndknar,"48.527100842,29.983539142",20
773,ازگله,azgle,"45.84190222,34.832794669",29
389,ازنا,azna,"49.428989731,33.503029717",33
954,ازندریان,azndrian,"48.693943589,34.50325611",37
1795,اژیه,azhye,"52.374587594,32.440200538",4
1772,اسالم,asalm,"48.969293471,37.703873144",32
499,اسپکه,aspke,"60.172115172,26.836848673",23
262,استهبان,astehban,"54.018407939,29.139061047",24
1186,اسحق آباد,ashq-abad,"59.006555765,36.031111935",18
447,اسدآباد,asdabad,"48.025287901,34.783734194",37
1023,اسدیه,asdye,"60.027547681,32.909016761",17
537,اسفدن,asfdn,"59.782329114,33.63984325",17
183,اسفراین,asfrin,"57.544673859,36.963619807",19
717,اسفرورین,asfrrin,"49.736613836,35.938399229",25
13135,اسفندک,asfndk,"56.47,32.01",23
18738,اسفهلان,asfelan,"56.47,32.01",1
2,اسکو,ask,"45.826980899,37.873798531",1
1293,اسلام آباد,islam-abad,"47.696890346,39.559131081",3
337,اسلام آباد غرب,islam-abad-gharb,"46.679422621,34.023136257",29
118,اسلامشهر,islamshahr,"51.246992418,35.584707237",8
1563,اسلامشهر آق گل,islamshahr-aq-gl,"48.988922761,34.560358333",37
536,اسلامیه,islamye,"58.217650382,34.041154899",17
12865,اسماعیل آباد,asmaail-abad,"56.47,32.01",23
846,اسیر,asir,"52.671780834,27.726920878",24
1336,اشتر جان,ashtr-jan,"51.469341756,32.480820226",4
652,اشترینان,ashtrinan,"48.641485174,34.013552588",33
79,اشتهارد,ashthard,"50.423029762,35.713903737",5
459,اشکذر,ashkzr,"54.043853413,31.982404979",38
1666,اشکنان,ashknan,"53.611468006,27.2268839",24
23,اشنویه,ashnvieh,"45.073017644,37.072603271",2
1025,اصغرآباد,esgharabad,"51.479544082,32.66148556",4
54,اصفهان,esfhan,"52.438532215,32.2443068",4
42,اصلاندوز,eslandz,"47.551182627,39.361435888",3
811,اطاقور,ataqr,"50.114515616,37.109778844",32
1071,افزر,afzr,"52.964907148,28.346841432",24
961,افوس,afs,"50.089138696,33.021099481",4
1357,اقبالیه,aqbalye,"49.921871842,36.229067706",25
263,اقلید,aqlid,"52.472495042,30.675555269",24
1150,اکبرآباد,akbrabad,"56.47,32.01",24
299,البرز,albrz,"50.185496054,36.224910266",25
1000,الشتر,alshtr,"48.263783311,33.865127817",33
18843,القجر,alqjr,"56.47,32.01",31
1126,الهائی,alhaey,"48.589206661,31.656181338",20
1274,الوان,alan,"48.347375493,31.875617435",20
1722,الوند,alnd,"50.059113454,36.186073671",25
390,الیگودرز,aligdrz,"49.414643573,33.126511807",33
1052,امام حسن,amam-hasan,"50.267987023,29.838910178",7
895,امام زاده عبدالله,amam-zade-abdalle,"52.305298061,36.410150972",34
725,امام شهر,amam-shahr,"53.154083094,28.448928469",24
375,املش,amlsh,"50.144446895,36.970205221",32
193,امیدیه,omidye,"49.698518393,30.761202779",20
927,امیرکلا,amirkla,"52.665004422,36.599759744",34
1719,امیریه,amirye,"54.139233404,36.027978533",22
915,امین شهر,amin-shahr,"55.341052066,30.842968177",28
922,انابد,anabd,"57.809553279,35.250583784",18
315,انار,anar,"55.294462996,30.841999598",28
1876,انارستان,anarstan,"52.073292044,28.031926296",7
1434,انارک,anark,"53.694616882,33.308293646",4
1492,انبار آلوم,anbar-alm,"54.618881169,37.134978149",31
1815,اندوهجرد,andhjrd,"57.754198655,30.251119504",28
194,اندیکا,andika,"49.538402147,32.305708134",20
195,اندیمشک,andimshk,"48.329251677,32.701327717",20
1190,انگوت,angt,"56.47,32.01",3
3,اهر,ahr,"47.147440932,38.508886495",1
1534,اهرم,ahrm,"51.276356011,28.886937268",7
1873,اهل,ahl,"53.660250651,27.209737981",24
196,اهواز,ahvaz,"48.750904049,31.222671934",20
615,اورامان تخت,aoraman-takht,"46.26445279,35.253334848",27
264,اوز,aoz,"53.882239981,27.869744023",24
1679,اولتان,aoltan,"56.47,32.01",3
1827,ایج,ij,"54.243689413,29.022113053",24
220,ایجرود,ijroud,"48.19240678,36.340602644",21
197,ایذه,ize,"49.987700277,31.861323342",20
235,ایرانشهر,iranshahr,"60.233593693,27.739179584",23
988,ایزدخواست,izdkhast,"52.126666048,31.518418448",24
567,ایزدشهر,izdshahr,"52.144831505,36.600924228",34
87,ایلام,ilam,"46.375440041,33.550349915",6
807,ایلخچی,ilkhchi,"45.977513187,37.93746582",1
1850,اینچه برون,inche-brn,"54.717592843,37.4534319",31
88,ایوان,ioan,"46.167594716,33.883729274",6
908,ایوانکی,ioanki,"52.066356037,35.345408347",22
993,ایواوغلی,ioaoghli,"45.208933669,38.716797437",2
1642,ایور,ior,"56.26072346,36.969013233",19
1265,باب انار,bab-anar,"53.199396657,28.969364842",24
1838,باباحیدر,babahydr,"50.470667278,32.329478826",16
1595,بابارشانی,babarshani,"47.797862414,35.679048797",27
1602,بابامنیر,babamonir,"51.203111067,30.072811488",24
754,بابکان,babkan,"52.456091286,36.453043326",34
401,بابل,babol,"52.624019209,36.298467768",34
402,بابلسر,babolsr,"52.693634919,36.664967818",34
1688,باجگیران,bajgiran,"58.41911372,37.622030393",18
150,باخرز,bakhrz,"60.296908927,35.049028044",18
554,بادرود,badroud,"51.98944595,33.683341523",4
1471,بادوله,badle,"51.504860798,28.390767956",7
870,بار,bar,"58.715964362,36.491653039",18
24,باروق,barq,"56.47,32.01",2
1359,بازار جمعه,bazar-jome,"49.121159963,37.407365071",32
550,بازرگان,bazrgan,"44.386309337,39.389719666",2
698,بازفت,bazft,"50.047257392,32.205623724",16
1285,باسمنج,basmnj,"46.473646537,37.992414089",1
351,باشت,basht,"51.074616682,30.461316002",30
711,باغ بهادران,bagh-bhadran,"51.192238414,32.37819088",4
12952,باغ صفا,bagh-safa,"56.47,32.01",24
198,باغ ملک,bagh-mlk,"49.920675015,31.476034576",20
700,باغستان,baghstan,"58.291114775,34.102019899",17
1611,باغستان,baghstan,"51.148539782,35.623983463",8
645,باغشاد,baghshad,"51.231907699,32.379616167",4
1487,باغین,baghin,"56.81467847,30.191982868",28
316,بافت,baft,"56.482463649,29.021961214",28
1804,بافران,bafran,"53.141847316,32.838310751",4
460,بافق,bafq,"55.420778989,31.658691414",38
1665,باقر شهر,baqr-shahr,"51.400249458,35.534687418",8
1647,بالاده,balade,"51.938259677,29.286747365",24
1386,بالاشهر,balashahr,"57.353810372,27.213855649",36
1193,بام و صفی آباد,bam-o-sfi-abad,"56.47,32.01",19
1639,بان وره,ban-ore,"46.360530855,34.969993515",29
304,بانه,bane,"45.846984605,35.985147008",27
657,باوج,baoj,"49.911982647,31.147895177",20
199,باوی,baoy,"48.962682595,31.516510259",20
1156,بایک,bik,"59.038380315,35.375808427",18
1682,باینگان,bingan,"46.27211761,34.980166566",29
151,بجستان,bjstan,"58.159357265,34.597152262",18
184,بجنورد,bjnrd,"57.360003371,37.563404858",19
574,بخ,bakh,"54.085151508,31.307494348",38
265,بختگان,bakhtgan,"53.859693913,29.609158622",24
682,بخشایش,bakhshish,"46.941442109,38.134035009",1
89,بدره,bdre,"47.025534729,33.314364829",6
767,برازجان,brazjan,"51.217968622,29.268284802",7
12955,بران علیا,bran-alia,"56.47,32.01",3
55,برخوار,brkhar,"51.773465019,33.006062683",4
12793,برخوردار,brkhrdar,"56.47,32.01",33
515,بردخون,brdkhn,"51.475257781,28.061119913",7
987,بردستان,brdstan,"51.959227176,27.869969267",7
152,بردسکن,brdskn,"57.355825335,35.173057664",18
317,بردسیر,brdsir,"56.681201694,29.789213393",28
1704,برده رشه,brde-rshe,"46.091629703,35.594573774",27
1153,برزک,brzk,"51.226867479,33.782424889",4
878,برزول,brzl,"48.262703301,34.213763054",37
1031,برف انبار,brf-anbar,"50.195884388,33.003306102",4
1226,بره سر,bre-sr,"49.756521945,36.773385833",32
1154,بروات,brat,"58.423765994,29.062385666",28
391,بروجرد,brjrd,"48.754706097,33.888305102",33
130,بروجن,brjn,"51.168319384,31.887282605",16
8755,بریس,bris,"56.47,32.01",23
659,بزمان,bzman,"60.176046914,27.858465099",23
508,بزنجان,bznjan,"56.694850263,29.25364751",28
991,بستان,bstan,"47.990266601,31.716600828",20
4,بستان آباد,bstan-abad,"46.817824529,37.807038323",1
435,بستک,bstk,"54.493123633,27.202614268",36
555,بسطام,bstam,"54.99806007,36.483312477",22
436,بشاگرد,bshagrd,"58.140750034,26.428466616",36
139,بشرویه,bsharvieh,"57.476731252,34.141142402",17
655,بفروئیه,bfreye,"53.985885242,32.277291124",38
1301,بکتاش,bktash,"46.014869629,37.07892915",2
923,بلاوه,blaoh,"46.804251786,33.666915349",6
1198,بلبان آباد,blban-abad,"47.319824477,35.139925396",27
1546,بلداجی,bldaji,"51.055165903,31.940198995",16
1630,بلده,blde,"51.807849325,36.199262929",34
810,بلورد,blrd,"56.044892096,29.421271889",28
1143,بلوک,blk,"57.515636924,28.232035988",28
318,بم,bm,"58.213172681,29.066881438",28
236,بمپور,bmpr,"60.25329333,27.165690811",23
131,بن,bn,"50.638225036,32.582365297",16
5,بناب,bnab,"45.98655815,37.314072549",1
1828,بناب مرند,bnab-mrnd,"45.905890785,38.426932718",1
576,بنارویه,bnarvieh,"54.046385537,28.083798158",24
1496,بنت,bnt,"59.524863185,26.294213868",23
748,بنجار,bnjar,"61.567279839,31.041222218",23
376,بندر انزلی,bandar-anzli,"49.400307447,37.463231538",32
1049,بندر دیلم,bandar-dilm,"50.163721046,30.0558736",7
804,بندر ریگ,bandar-rig,"50.631134171,29.484196384",7
684,بندرامام خمینی,bandaramam-khmini,"49.049520633,30.559025159",20
1502,بندرترکمن,bandarturkmn,"54.07368449,36.903830043",31
749,بندرجاسک,bandarjask,"57.79754534,25.660567761",36
532,بندردیر,bandardir,"51.93478435,27.841470322",7
437,بندرعباس,bandarabas,"56.237962457,27.529964952",36
1227,بندرکنگان,bandarkngan,"52.06558355,27.839172768",7
361,بندرگز,bandargz,"53.95930091,36.728999713",31
1208,بندرگناوه,bandargnaoh,"50.52604342,29.582017703",7
438,بندرلنگه,bandarlnge,"54.598444957,26.840042407",36
200,بندرماهشهر,bandarmahshahr,"49.211459622,30.518012427",20
1626,بندزرک,bndzrk,"56.981287075,27.065606809",36
530,بنک,bnk,"52.031733494,27.87094391",7
461,بهاباد,bhabad,"56.142875486,32.017619747",38
448,بهار,bahar,"48.371201272,34.991335022",37
1028,بهاران شهر,baharan-shahr,"51.549927249,32.523376086",4
119,بهارستان,baharstan,"51.162861184,35.524855896",8
1095,بهارستان,baharstan,"51.774934418,32.490226583",4
1832,بهارستان,baharstan,"52.357194657,27.827146151",7
201,بهبهان,bebhan,"50.215393983,30.523296356",20
1429,بهرمان,berman,"55.720463746,30.900414651",28
403,بهشهر,beshahr,"53.700590984,36.647920998",34
352,بهمئی,bemey,"50.118856311,31.012517033",30
1689,بهمن,bahman,"52.483331713,31.196172328",24
1152,بهنمیر,benmir,"52.761282555,36.666067588",34
300,بوئین زهرا,bueyn-zahra,"49.954425442,35.792967478",25
1474,بوئین سفلی,bueyn-sfli,"45.934979252,35.937048753",27
56,بوئین میاندشت,bueyn-miandasht,"50.090423337,33.155448734",4
266,بوانات,buanat,"53.641345806,30.474248617",24
1579,بوستان,bustan,"56.47,32.01",4
504,بوستان,bustan,"51.201158156,30.323619155",30
1195,بوشکان,bushkan,"51.698946826,28.831519603",7
96,بوشهر,bushahr,"50.933004215,29.075817051",7
25,بوکان,bukan,"46.132131307,36.53907426",2
1530,بومهن,bumen,"51.860911184,35.72811875",8
353,بویراحمد,buyrahmd,"51.35708342,30.724051747",30
812,بیارجمند,biarjmnd,"55.807263682,36.080630105",22
305,بیجار,bijar,"47.64124839,35.930445429",27
727,بید خون,bid-khn,"56.47,32.01",7
1358,بیدخت,bidkht,"58.759291539,34.346301051",18
1660,بیدروبه,bidrbe,"48.242383263,32.753017158",20
843,بیدستان,bidstan,"50.121836036,36.230635265",25
1203,بیده,bide,"51.653206368,30.948758312",4
1240,بیران شهر,biran-shahr,"48.559394763,33.650234061",33
140,بیرجند,birjnd,"59.261474555,33.064785215",17
1650,بیرم,birm,"53.515751468,27.435135892",24
1422,بیستون,biston,"47.437136655,34.386864434",29
267,بیضا,biza,"52.393989802,30.012466811",24
510,بیکاه,bikah,"57.178563704,27.352497416",36
43,بیله سوار,bile-savar,"47.975484655,39.340997477",3
1753,پاتاوه,pataoh,"51.266265634,30.95452538",30
44,پارس آباد,pars-abad,"47.873454041,39.555745594",3
439,پارسیان,parsian,"53.2772373,27.144060239",36
1067,پارود,paroud,"61.28963189,26.370906576",23
1812,پاریز,pariz,"55.748288415,29.873025818",28
268,پاسارگاد,pasargad,"53.151065665,30.13911644",24
1813,پاسخن,paskhn,"54.321495572,28.790175245",24
120,پاکدشت,pakdasht,"51.781352949,35.461107676",8
1764,پالیز,paliz,"48.085992663,34.731970069",37
338,پاوه,paoh,"46.285946412,35.063091317",29
786,پایین هولار,piyn-hlar,"53.136932101,36.426785923",34
1221,پردنجان,pardnjan,"50.598031317,32.252010741",16
113,پردیس,pardis,"51.791764612,35.698948329",8
673,پرندک,parndk,"50.680623596,35.365193674",35
1273,پره سر,parh-sr,"49.068741561,37.600595161",32
1627,پل,pol,"55.745719223,27.013147282",36
1674,پل سفید,pol-sefid,"53.052993173,36.119235612",34
12864,پلان,polan,"56.47,32.01",23
392,پلدختر,poldkhtr,"47.962738761,33.135530835",33
26,پلدشت,poldasht,"45.110248801,39.187128967",2
1192,پلنگ آباد,polng-abad,"50.622654316,35.734447809",5
570,پهله,pele,"46.883886044,33.010525452",6
1174,پول,pl,"51.592458895,36.394929954",34
27,پیرانشهر,piranshahr,"45.222266737,36.684567418",2
1008,پیربازار,pirbazar,"49.545864438,37.342159863",32
1131,پیربکران,pirbkeran,"51.554107454,32.473996835",4
1235,پیرتاج,pirtaj,"48.121373763,35.770322255",27
780,پیش قلعه,pish-qlae,"56.999135979,37.650164535",19
18832,پیش قلعه(جدید),pish-qlae(jadid),"56.47,32.01",19
121,پیشوا,pishva,"51.749135589,35.329564954",8
1033,پیشین,pishin,"61.744504901,26.085063459",23
1671,تاتارعلیا,tataralia,"55.061370392,37.100083643",31
1089,تازه آباد,taze-abad,"46.151957597,34.7369566",29
520,تازه شهر,taze-shahr,"44.691921238,38.174483912",2
1612,تازه کندانگوت,taze-kndangt,"56.47,32.01",3
816,تازیان پایین,tazian-piyn,"56.156906825,27.288304494",36
301,تاکستان,takstan,"49.541351158,36.013268937",25
154,تایباد,tibad,"60.697203487,34.751649554",18
6,تبریز,tabriz,"46.294105958,38.069384759",1
18644,تجریش,tajrish,"56.47,32.01",8
1466,تخت,takht,"56.638841833,27.502993903",36
741,تخت سلیمان,takht-soleyman,"47.217137799,36.610221145",2
155,تربت جام,torbat-jam,"60.621591771,35.329753099",18
156,تربت حیدریه,torbat-hydrye,"59.120457841,35.484069354",18
1016,ترک,turk,"47.773494126,37.620254675",1
1405,ترکالکی,turkalki,"48.852029139,32.246131118",20
1597,ترکمانچای,turkmanchi,"47.388803286,37.582414593",1
362,ترکمن,turkmn,"54.163458433,36.91967569",31
1519,تسوج,tsj,"45.362257808,38.312946138",1
1857,تشان,tshan,"50.198721429,30.832880641",20
462,تفت,tft,"53.830280736,31.448661007",38
237,تفتان,tftan,"60.599074555,28.410776414",23
424,تفرش,tfrsh,"49.86899654,34.818808319",35
28,تکاب,tkab,"47.144141955,36.516360913",2
687,تلخاب,tlkhab,"49.648331211,34.707760074",35
404,تنکابن,tnkabn,"50.821460937,36.615626118",34
765,تنکمان,tnkman,"50.612688675,35.889835988",5
1785,تنگ ارم,tng-arm,"51.532187636,29.152565888",7
97,تنگستان,tngstan,"51.251665144,28.811856349",7
106,تهران,tehran,"51.393044919,35.741052615",8
952,توپ آغاج,top-aghaj,"47.824160381,36.048445229",27
1528,توتکابن,totkabn,"49.529024179,36.89216402",32
1007,توحید,tohyd,"47.053219837,33.730975956",6
643,تودشک,todshk,"52.665280446,32.716725287",4
1135,توره,tore,"49.28905784,34.044063627",35
449,تویسرکان,toysrkan,"48.340341722,34.542751043",37
1222,تیتکانلو,tytkanl,"58.28841643,37.281696721",19
1730,تیران,tyran,"51.152635559,32.699634726",4
57,تیران و کرون,tyran-o-keron,"50.959953407,32.784399462",4
1529,تیرور,tyrr,"56.948916246,27.331849068",36
473,تیکمه داش,tykme-dash,"46.950530299,37.734648426",1
1021,تیمورلو,tymrl,"45.898628971,37.806717904",1
339,ثلاث باباجانی,slas-babajani,"46.054166576,34.79209384",29
1728,ثمرین,smrin,"48.136293951,38.357353095",3
185,جاجرم,jajrm,"56.658924293,37.031929109",19
1265,جازموریان,jazmrian,"56.47,32.01",28
440,جاسک,jask,"58.281814606,25.863464984",36
974,جالق,jalq,"62.706068802,27.599823653",23
872,جاورسیان,jaorsian,"49.325889507,34.256971336",35
610,جایزان,jizan,"49.850596024,30.8723315",20
1683,جبالبارز,jbalbarz,"57.884035398,28.903955911",28
58,جرقویه,jrqvieh,"56.47,32.01",4
1165,جزینک,jzink,"61.566848074,30.891460817",23
1633,جعفر آباد,jafr-abad,"56.47,32.01",3
1195,جعفرآباد,jafrabad,"56.47,32.01",26
669,جعفرآباد,jafrabad,"46.538838283,33.504305792",6
628,جعفریه,jafrye,"50.518638974,34.771495077",26
157,جغتای,jghti,"56.987730795,36.686539542",18
7,جلفا,jlfa,"45.878627852,38.837430348",1
12956,جلیل آباد,jlil-abad,"56.47,32.01",8
894,جلین,jlin,"54.53601375,36.851687404",31
98,جم,jm,"52.193842837,27.961178759",7
496,جناح,jnah,"54.287598405,27.020138848",36
1863,جنت آباد,jnt-abad,"61.140228657,35.598704176",18
1010,جنت شهر,jnt-shahr,"54.687714269,28.654176236",24
1493,جنت مکان,jnt-mkan,"48.817752356,32.186182743",20
1544,جندق,jndq,"54.411869012,34.040199644",4
1367,جندی شاپور,jndi-shapr,"48.518093652,32.301317564",20
841,جنگل,jngl,"59.223287171,34.701937465",18
269,جهرم,jerm,"53.428475564,28.592937512",24
904,جواد آباد,jad-abad,"51.676913788,35.208568507",8
1486,جوادیه الهیه,jadye-aleye,"55.566272524,31.009464939",28
1141,جوان قلعه,jan-qlae,"45.96885516,37.497283165",1
340,جوانرود,janroud,"46.297650221,34.857997299",29
1849,جوپار,jpar,"56.47,32.01",28
1373,جورقان,jrqan,"48.550403309,34.88452111",37
639,جوزدان,jzdan,"51.36931896,32.555942578",4
1320,جوزم,jzm,"55.035996197,30.521679773",28
766,جوشقان قالی,jshqan-qali,"51.200539058,33.577853671",4
1835,جوکار,jkar,"48.686977478,34.429540833",37
18643,جولکی,jlki,"56.47,32.01",20
826,جونقان,jnqan,"50.684758635,32.152341351",16
405,جویبار,jybar,"52.903812812,36.671490844",34
270,جویم,jym,"56.47,32.01",24
158,جوین,jyn,"57.467995027,36.612302508",18
319,جیرفت,jirft,"57.505690892,28.773337032",28
1725,جیرنده,jirnde,"49.789764582,36.701136146",32
619,چابکسر,chabksr,"50.560330354,36.977174004",32
238,چابهار,chabahar,"60.878628547,25.520729693",23
1369,چاپشلو,chapshl,"59.07758413,37.351115734",18
59,چادگان,chadgan,"50.536613019,32.745543968",4
8,چاراویماق,charaoymaq,"47.114645153,37.07040499",1
710,چارک,chark,"54.271759778,26.731452435",36
1310,چاف وچمخاله,chaf-ochmkhale,"50.207174837,37.208475411",32
1564,چالانچولان,chalanchlan,"48.906268714,33.665976255",33
29,چالدران,chaldran,"44.37453661,39.100643866",2
406,چالوس,chals,"51.255481748,36.406757875",34
8779,چانف,chanf,"56.47,32.01",23
1747,چاه دادخدا,chah-dadkhda,"58.263722321,27.284255573",28
1677,چاه مبارک,chah-mbark,"52.791786403,27.367630842",7
814,چاه مرید,chah-mrid,"57.553442882,27.941223794",28
1824,چاه ورز,chah-orz,"53.439246276,27.430575525",24
30,چایپاره,chipare,"44.999604831,38.882982326",2
768,چترود,chtroud,"56.912201128,30.600587554",28
1258,چخماق,chkhmaq,"59.8315453,35.273515365",18
354,چرام,chram,"50.865325105,30.775698141",30
90,چرداول,chrdaol,"46.670096716,33.753179461",6
1698,چرمهین,chrmeyn,"51.205564023,32.342028845",4
851,چشمه شیرین,chshme-shirin,"47.159115627,33.2738624",6
641,چغادک,chghadk,"51.025501626,28.979195668",7
1046,چغامیش,chghamish,"48.549826134,32.210018936",20
1370,چقابل,chqabl,"47.506915904,33.283093549",33
805,چکنه,chkne,"58.506267669,36.815077927",18
12866,چگرد,chgrd,"56.47,32.01",23
393,چگنی,chgni,"47.929471093,33.612913583",33
1377,چلگرد,chlgrd,"50.130289718,32.463248405",16
1497,چلیچه,chliche,"50.628889683,32.230806445",16
1581,چم پلک,chm-polk,"47.792317066,33.704963641",33
1605,چم گلک,chm-glk,"48.433270827,32.441484914",20
1616,چمران,chmran,"49.172350409,30.710113419",20
1278,چمستان,chmstan,"52.119425777,36.4859071",34
1499,چمگردان,chmgrdan,"51.343580463,32.394246827",4
660,چمن سلطان,chaman-soltan,"49.892502039,33.286368718",33
1406,چنار,chnar,"56.47,32.01",18
159,چناران,chnaran,"59.018205356,36.803073103",18
879,چناران شهر,chnaran-shahr,"57.540145387,37.401280037",19
838,چناره,chnare,"46.303640325,35.632697983",27
80,چهار باغ,chahar-bagh,"50.768790348,35.826913879",5
31,چهاربرج,chaharbrj,"56.47,32.01",2
1218,چهاردانگه,chahardange,"51.314282714,35.597539769",8
566,چوئبده,chebde,"48.562461685,30.201429945",20
1184,چوار,char,"56.47,32.01",6
1056,چوبر,chbr,"48.893135541,38.180178069",32
543,چورزق,chrzq,"48.778745121,36.994791401",21
1172,چیتاب,chitab,"51.325322184,30.794589109",30
441,حاجی آباد,haji-abad,"56.052307142,28.247448181",36
788,حاجی آباد,haji-abad,"54.420488508,28.35593065",24
1646,حاجی آباد,haji-abad,"59.99538279,33.600746058",17
634,حاجیلار,hajilar,"45.094310278,38.865995605",2
709,حبیب آباد,habib-abad,"51.779894059,32.832106857",4
829,حر,hr,"48.388621217,32.14384691",20
1294,حسامی,hsami,"53.867967218,29.971880028",24
1565,حسن آباد,hasan-abad,"52.455259239,30.519494598",24
1852,حسن آباد,hasan-abad,"52.627212351,32.135860084",4
760,حسن آباد,hasan-abad,"51.24121253,35.372788089",8
1705,حسین آباد,hossein-abad,"47.11575368,35.547151137",27
1299,حسینیه,hosseinye,"48.246378658,32.679534348",20
969,حصار گرمخان,hsar-grmkhan,"57.487420679,37.514050171",19
1012,حکم آباد,hkm-abad,"57.597851396,36.628746578",18
1659,حلب,hlb,"48.064033637,36.296567265",21
1324,حمزه,hmze,"48.584397715,32.396777842",20
1117,حمیدیا,hamidya,"54.397488604,31.818453253",38
202,حمیدیه,hamidye,"48.446881608,31.492964081",20
802,حمیل,hmil,"46.773488021,33.937052811",29
1702,حنا,hna,"51.728337057,31.194800117",4
522,حور پاسفید,hor-pasefid,"56.47,32.01",28
1124,حویق,hoyq,"48.893222505,38.144870145",32
463,خاتم,khatm,"54.23971851,30.35663855",38
1001,خاتون آباد,khaton-abad,"55.418191972,30.011175371",28
1740,خارک,khark,"50.319804992,29.249012504",7
1575,خاروانا,kharana,"46.178567827,38.691311056",1
239,خاش,khash,"61.412530681,28.129821257",23
1807,خاکعلی,khakali,"50.176216429,36.130080779",25
626,خالدآ باد,khalda-bad,"51.978954291,33.704055483",4
1331,خامنه,khamne,"45.632120767,38.186615706",1
1713,خان ببین,khan-bbin,"54.988181164,37.010992552",31
1325,خانلق,khanlq,"56.47,32.01",19
132,خانمیرزا,khanmirza,"50.984012571,31.577534022",16
1843,خانه زنیان,khane-znian,"52.150225226,29.672183903",24
897,خانوک,khank,"56.77266252,30.713626109",28
1365,خانیمن,khanimn,"52.243588461,30.349757989",24
1125,خاوران,khaoran,"53.326227761,28.932814381",24
9,خدا آفرین,khda-afrin,"46.960308307,39.070628876",1
221,خدابنده,khdabnde,"48.471049489,35.992283854",21
1535,خداجو,khdaj,"46.528385393,37.305495312",1
271,خرامه,khrame,"53.267195811,29.507810937",24
1415,خرانق,khranq,"54.664125571,32.342433572",38
394,خرم آباد,khrm-abad,"48.569658121,33.38556173",33
1504,خرم آباد,khrm-abad,"50.868784924,36.78073914",34
272,خرم بید,khrm-bid,"53.136533975,30.571324911",24
222,خرمدره,khrmdre,"49.152850073,36.26195831",21
1724,خرمدشت,khrmdasht,"49.499459535,35.929439273",25
203,خرمشهر,khrmshahr,"48.213593519,30.692781129",20
712,خرو,khr,"59.028662332,36.155549591",18
902,خسرو آباد,khsr-abad,"56.47,32.01",8
1409,خسروشاه,khsrshah,"46.044436044,37.959087426",1
1643,خشت,khsht,"51.347622693,29.588246825",24
728,خشکبیجار,khshkbijar,"49.759606437,37.374572573",32
1256,خشکرود,khshkroud,"50.338512489,35.398729767",35
860,خضرآباد,khzrabad,"53.954695599,31.870310055",38
720,خضری دشت بیاض,khzri-dasht-biaz,"58.814626225,34.021953171",17
273,خفر,khfr,"53.166940975,28.930301889",24
45,خلخال,khlkhal,"48.539279191,37.423034478",3
943,خلیفان,khlifan,"45.797116458,36.508447498",2
160,خلیل آباد,khlil-abad,"58.199905507,35.138381214",18
1464,خلیل شهر,khlil-shahr,"53.641881734,36.702891735",34
1837,خمارلو,khmarl,"47.02247475,39.156788131",1
1182,خمام,khmam,"56.47,32.01",32
442,خمیر,khmir,"55.518788746,27.276724108",36
425,خمین,khmin,"49.985274726,33.663704",35
60,خمینی شهر,khmini-shahr,"51.514475922,32.683792073",4
1576,خنافره,khnafre,"48.639659949,30.634629081",20
274,خنج,khnj,"53.065758023,27.965582937",24
679,خنجین,khnjin,"49.53123784,34.755266666",35
426,خنداب,khndab,"49.217627185,34.346980844",35
1774,خواجه,khaje,"46.598506642,38.160053426",1
605,خواجوشهر,khajshahr,"55.833906728,29.272045214",28
161,خواف,khaf,"60.02271461,34.401149167",18
61,خوانسار,khansar,"50.376222191,33.256597077",4
1533,خور,khr,"54.343883381,27.642947715",24
1522,خور,khr,"55.089148595,33.769288486",4
62,خور و بیابانک,khr-o-biabank,"54.92941643,33.794859739",4
1608,خورزوق,khrzq,"51.64859137,32.779886085",4
1739,خورسند,khrsnd,"55.079364483,30.163326972",28
577,خورموج,khrmj,"51.383116555,28.649558245",7
1846,خوزی,khzi,"52.968086868,27.444933516",24
141,خوسف,khsf,"58.631319723,32.329424363",17
162,خوشاب,khshab,"58.003295834,36.50491701",18
985,خوشرودپی,khshroudpi,"52.566223215,36.376253908",34
912,خوشه مهر,khshe-mer,"46.13967975,37.311393124",1
791,خومه زار,khme-zar,"51.574948283,30.010505831",24
32,خوی,khy,"44.770334864,38.605734392",2
928,خیراباد,khyrabad,"53.075276795,29.565708237",24
782,خیرگو,khyrg,"53.251952943,27.515911983",24
1189,دابودشت,dabudasht,"52.447649869,36.478686615",34
275,داراب,darab,"54.895602808,28.534588866",24
1074,داران,daran,"50.407232885,32.989334643",4
651,دارخوین,darkhyn,"48.43091704,30.74966709",20
1002,داریان,darian,"45.62730658,38.216242576",1
1361,داریان,darian,"52.925689587,29.562633524",24
341,دالاهو,dalah,"46.249868243,34.408002237",29
12953,دالخانی,dalkhani,"56.47,32.01",34
1389,دالکی,dalki,"51.291676702,29.430205543",7
228,دامغان,damghan,"54.354339979,35.549960172",22
1085,دامنه,damne,"50.48621149,33.01903089",4
585,دانسفهان,dansfhan,"49.742811713,35.812706101",25
789,داودآباد,daodabad,"49.852720218,34.290000059",35
163,داورزن,daorzn,"57.069840857,36.288282495",18
1168,دبیران,dbiran,"54.185766921,28.40437851",24
945,درب بهشت,drb-besht,"57.337906511,29.235054082",28
1550,درب گنبد,drb-gnbd,"47.146977153,33.691648033",33
1488,درجزین,drjzin,"53.335209927,35.646592814",22
688,درچه,drche,"51.549147239,32.610540553",4
1806,درح,drh,"60.4988136,32.285604123",17
803,درق,drq,"56.211699961,36.972936129",19
164,درگز,drgz,"59.008891226,37.370433204",18
450,درگزین,drgzin,"49.224382805,35.347235053",37
1624,درگهان,drghan,"56.06537191,26.958237252",36
142,درمیان,drmian,"60.128485431,32.948160625",17
91,دره شهر,dre-shahr,"47.575316009,33.021391663",6
1796,درود,droud,"59.117745087,36.138717357",18
1189,دزپارت,dzpart,"56.47,32.01",20
1700,دزج,dzj,"47.968958689,35.06184264",27
204,دزفول,dzfl,"48.848279962,32.576556987",20
1123,دژکرد,dzhkurd,"51.960679726,30.716165898",24
561,دستجرد,dstjrd,"50.246151698,34.549358135",26
635,دستگرد,dstgrd,"51.665492889,32.803878041",4
809,دستناء,dstnaء,"50.769941877,32.057714109",16
205,دشت آزادگان,dasht-azadgan,"48.096955524,31.69253853",20
18775,دشت عباس,dasht-abas,"56.47,32.01",6
99,دشتستان,dashtstan,"51.348583362,29.247140951",7
743,دشتک,dashtk,"50.455810089,32.162083032",16
828,دشتکار,dashtkar,"56.662247844,29.90639471",28
100,دشتی,dashty,"51.636061328,28.4427246",7
1196,دشتی,dashty,"53.004151877,27.180454762",36
240,دشتیاری,dashtyari,"56.47,32.01",23
1717,دلبران,dlbran,"47.985382676,35.246059359",27
395,دلفان,dlfan,"47.845609967,34.067687749",33
241,دلگان,dlgan,"59.337880729,27.403382947",23
1162,دلگشا,dlgsha,"46.593855966,33.406155768",6
1407,دلند,dlnd,"55.050054358,37.034156236",31
1791,دلوار,dlar,"51.066639744,28.759643103",7
427,دلیجان,dlijan,"50.751062813,34.008485112",35
115,دماوند,dmaond,"52.177190182,35.620139623",8
1709,دمق,dmq,"48.82188971,35.442534878",37
355,دنا,dna,"51.25065011,31.028394942",30
1786,دندی,dndi,"47.626819744,36.554429833",21
1784,ده رئیس,de-reys,"61.030323651,27.674083286",23
63,دهاقان,dhaqan,"51.61648665,31.991842541",4
1134,دهبارز,debarz,"57.195398792,27.441719017",36
534,دهج,dej,"54.880240192,30.691966453",28
564,دهدز,dedz,"50.290477573,31.709361204",20
905,دهدشت,dedasht,"50.573757349,30.794808177",30
644,دهرم,derm,"52.305174808,28.491042081",24
1818,دهسرخ,desrkh,"51.664835641,32.409837167",4
1444,دهق,deq,"50.961553524,33.097281117",4
762,دهکهان,dekhan,"57.524536192,27.692644783",28
1797,دهکویه,dekvieh,"54.419485422,27.855867545",24
306,دهگلان,deglan,"47.353260511,35.328122696",27
92,دهلران,delran,"47.285616415,32.659906284",6
1087,دهنو اسلام اباد,den-islam-abad,"59.11980786,28.790917339",28
631,دوبرجی,dbrji,"55.193167231,28.308767765",24
1568,دوراهک,drahk,"51.960252508,27.949426521",7
396,دورود,droud,"49.069994831,33.51770221",33
541,دوزدوزان,dzdzan,"47.12357094,37.948925921",1
678,دوزه,dze,"52.955496185,28.700786874",24
990,دوزین,dzin,"55.579009804,37.127431632",31
892,دوساری,dsari,"57.933041949,28.42787807",28
1714,دوست محمد,dst-mhmd,"61.793034969,31.13959054",23
622,دوگنبدان,dgnbdan,"50.787193425,30.362179811",30
1343,دولت آباد,dolat-abad,"51.690410435,32.796414185",4
1077,دولت آباد,dolat-abad,"59.523257149,35.286370243",18
891,دیباج,dibaj,"54.22769713,36.429044003",22
101,دیر,dir,"51.686032637,28.017608473",7
1356,دیزج حسین بیگ,dizj-hossein-big,"56.47,32.01",1
653,دیزج دیز,dizj-diz,"45.025667291,38.46179236",2
808,دیزیچه,diziche,"51.518434915,32.390744335",4
1053,دیشموک,dishmk,"50.400946905,31.298848214",30
102,دیلم,dilm,"50.347642741,30.025212568",7
783,دیلمان,dilman,"49.908245885,36.896319867",32
1735,دیهوک,dihk,"57.520402443,33.284650839",17
307,دیواندره,dyandre,"46.947401861,35.951180364",27
320,رابر,rabr,"57.003117344,29.231731599",28
1345,رادکان,radkan,"59.010592592,36.801610336",18
1298,راز,raz,"57.109288283,37.9356143",19
186,راز و جرگلان,raz-o-jrglan,"56.909662903,38.088850943",19
982,رازقان,razqan,"49.959198835,35.33305689",35
1060,رازمیان,razmian,"50.21033875,36.540882857",25
242,راسک,rask,"61.672399008,26.272060032",23
1353,رامجرد,ramjrd,"52.592953325,30.075139577",24
407,رامسر,ramsr,"50.538003457,36.764136982",34
206,رامشیر,ramshir,"49.389658623,30.95075146",20
207,رامهرمز,ramermz,"49.659260307,31.213413812",20
363,رامیان,ramian,"55.091021195,36.959993826",31
1029,رانکوه,rankoh,"50.237465079,37.053912734",32
321,راور,raor,"57.1377497,31.327947242",28
1214,راین,rin,"57.432887387,29.594653495",28
497,رباط,rbat,"46.805675352,34.269328504",29
1332,رباط سنگ,rbat-sng,"59.19694742,35.548587303",18
123,رباط کریم,rbat-kerym,"51.049538049,35.492221114",8
1450,ربط,rbt,"45.546198127,36.205167254",2
528,رحمت آباد,rahmat-abad,"56.47,32.01",24
1695,رحمت آباد,rahmat-abad,"59.061467634,28.641079634",28
1712,رحیم آباد,rhym-abad,"50.3339358,37.030011685",32
451,رزن,rzn,"48.858802347,35.473464264",37
1841,رزوه,rzh,"50.568473467,32.836133645",4
474,رستاق,rstaq,"55.07528003,28.447375655",24
276,رستم,rostam,"51.369178086,30.401359341",24
903,رستم آباد,rostam-abad,"49.493763013,36.898476053",32
735,رستمکلا,rostamkla,"53.425325302,36.679150281",34
377,رشت,rsht,"49.676291961,37.252120592",32
165,رشتخوار,rshtkhar,"59.437549088,34.871340716",18
772,رضوان,rezvan,"55.795573916,37.185312685",22
378,رضوانشهر,rezvanshahr,"48.955671047,37.532393923",32
778,رضوانشهر,rezvanshahr,"51.11090531,32.703056701",4
755,رضویه,razavih,"59.768653076,36.20934829",18
609,رضی,rzy,"48.099023013,38.629796967",3
322,رفسنجان,rfsnjan,"55.896339562,30.527445698",28
1321,رفیع,rfia,"47.89194397,31.596984527",20
517,رمشک,rmshk,"58.801499436,26.829952259",28
867,رمکان,rmkan,"56.47,32.01",36
342,روانسر,ransr,"46.604019543,34.724603957",29
1540,رود زرد ماشین,roud-zard-mashin,"49.722528463,31.369535432",20
1248,روداب,roudab,"57.313794284,36.020222395",18
443,رودان,roudan,"57.170207155,27.590649183",36
379,رودبار,roudbar,"49.623884767,36.795902987",32
1081,رودبار,roudbar,"57.990071118,28.035168644",28
323,رودبارجنوب,roudbarjnb,"58.450091231,27.868528982",28
737,رودبنه,roudbne,"49.999298181,37.257372248",32
380,رودسر,roudsr,"50.322597402,36.885153048",32
1765,رودهن,roudhn,"51.918072658,35.731817482",8
1547,روشناوند,rshnaond,"58.910834706,34.465395704",18
397,رومشکان,rmshkan,"47.39819127,33.274119713",33
913,رونیز,rniz,"53.768563645,29.186936848",24
1027,رویان,royan,"56.47,32.01",22
1604,رویان,royan,"51.970416969,36.568925133",34
1485,رویدر,rydr,"55.41741754,27.465516117",36
124,ری,ri,"51.297942018,35.35193148",8
1767,ریجاب,rijab,"45.987582591,34.470978552",29
1334,ریحان,rihan,"56.725785038,30.735331943",28
1305,ریز,riz,"52.078259788,28.048540377",7
1308,ریگ ملک,rig-mlk,"61.695337199,28.755467793",23
324,ریگان,rigan,"59.074110582,28.427416106",28
1737,رینه,rine,"52.167458589,35.881845911",34
959,ریواده,ryade,"57.108447575,36.79041381",18
975,ریوش,rysh,"58.454780021,35.473798778",18
646,ریوند,rynd,"57.339878999,36.230178186",18
243,زابل,zabl,"61.563718626,31.0474205",23
759,زابلی,zabli,"61.67350668,27.132818807",23
1192,زارچ,zarch,"56.47,32.01",38
1187,زازران,zazran,"51.497728152,32.599068067",4
594,زاغه,zaghe,"48.705416932,33.501086542",33
244,زاهدان,zahdan,"60.169608058,29.619672861",23
1245,زاهدشهر,zahdshahr,"53.804361254,28.748280852",24
166,زاوه,zaoh,"59.734232195,35.286541103",18
591,زاووت,zaoot,"49.686703825,32.403363088",20
1858,زاویه,zavieh,"50.56780077,35.381698129",35
979,زاینده رود,zinde-roud,"51.254129601,32.378648359",4
167,زبرخان,zbrkhan,"59.089335391,36.081554537",18
245,زرآباد,zrabad,"56.47,32.01",23
801,زرآباد,zrabad,"44.583715398,38.806431661",2
277,زرقان,zrqan,"52.83652761,29.731791714",24
512,زرگر,zrgr,"52.57215292,36.527344789",34
325,زرند,zrnd,"56.301452634,30.931471268",28
428,زرندیه,zrndye,"50.337950812,35.366301411",35
1790,زرنق,zrnq,"47.073600184,38.095443271",1
1313,زرنه,zrne,"46.185483898,33.926871337",6
704,زرین آباد,zarin-abad,"48.285825626,36.433958507",21
278,زرین دشت,zarin-dasht,"54.462722858,28.294956155",24
1260,زرین رود,zarin-roud,"48.485826713,35.759103498",21
1515,زرین شهر,zarin-shahr,"51.376427184,32.39046369",4
563,زرینه,zarinh,"46.918825215,36.058974181",27
223,زنجان,znjan,"48.214019433,36.849001392",21
796,زنگنه,zngne,"49.012887751,34.153832938",37
1300,زنگی آباد,zangi-abad,"52.859273839,29.976342303",24
817,زنگی آباد,zangi-abad,"56.912638959,30.412950896",28
1494,زنوز,znz,"45.783272808,38.570922799",1
633,زهان,zhan,"59.8018975,33.412675598",17
552,زهرا,zahra,"48.293144896,39.048121854",3
1391,زهره,zere,"49.683881149,30.46463589",20
246,زهک,zek,"61.628952858,30.834599613",23
758,زهکلوت,zeklt,"58.603772889,27.794320758",28
1734,زهوکی,zhki,"56.47,32.01",36
1701,زواره,zare,"52.489349136,33.456298879",4
781,زیار,ziar,"51.940313228,32.509726427",4
572,زیاران,ziaran,"50.527004198,36.117176137",25
1382,زیارت,ziart,"57.886773294,37.442099188",19
1636,زیارتعلی,ziartali,"57.227868613,27.738578602",36
1521,زیباشهر,zibashahr,"51.567009008,32.384736735",4
1402,زیدآباد,zidabad,"55.53579943,29.599566076",28
562,زیر آب,zir-ab,"52.972284983,36.179774495",34
143,زیرکوه,zirkoh,"60.219177202,33.535953982",17
18642,زیوه,zyh,"56.47,32.01",3
890,ساربوک,sarbuk,"60.594325406,26.19423697",23
1223,ساروق,sarq,"49.507289059,34.408572546",35
408,ساری,sari,"53.358701338,36.326480395",34
1193,سالند,salnd,"48.833416801,32.496370301",20
133,سامان,saman,"50.882811353,32.550609018",16
1408,سامن,samn,"48.703620812,34.209754999",37
81,ساوجبلاغ,saojblagh,"50.823955566,36.00697198",5
429,ساوه,saoh,"50.045243744,35.078230347",35
168,سبزوار,sbzar,"57.409276252,35.944215518",18
1312,سپید دشت,spid-dasht,"48.884455886,33.218335372",33
18857,سپیدار,spidar,"56.47,32.01",30
279,سپیدان,spidan,"51.99948625,30.253847215",24
1247,سجاس,sjas,"48.562446096,36.240641434",21
1839,سده,sde,"52.178835554,30.710788947",24
917,سده,sde,"56.47,32.01",18
1275,سده لنجان,sde-lnjan,"51.313053932,32.378085648",4
999,سرآبله,srable,"46.566098321,33.766089546",6
10,سراب,srab,"47.470262969,37.980214962",1
602,سراب باغ,srab-bagh,"47.575593553,32.898316078",6
1574,سراب حمام,srab-hmam,"47.692566315,33.114952493",33
940,سراب دوره,srab-dre,"48.021865045,33.562893863",33
247,سراوان,sraoan,"62.490078371,27.260370462",23
144,سرایان,srian,"58.327634289,33.493399674",17
248,سرباز,srbaz,"61.207452965,26.683461385",23
145,سربیشه,srbishe,"60.079862727,32.440304716",17
343,سرپل ذهاب,srpol-zhab,"45.896806345,34.530904868",29
551,سرجنگل,srjngl,"60.389199015,28.886885391",23
280,سرچهان,srchhan,"53.696783665,30.090453498",24
1860,سرخ رود,srkh-roud,"52.456295366,36.673128755",34
169,سرخس,srkhs,"60.775995821,36.298240104",18
1436,سرخنکلاته,srkhnklateh,"54.568092969,36.891017404",31
229,سرخه,srkhh,"53.146727477,34.929422297",22
1120,سرخون,srkhn,"50.553510175,31.740227278",16
1538,سرداران,sardaran,"48.792754945,32.017734312",20
1697,سردرود,sardroud,"46.144359202,38.031193075",1
33,سردشت,srdasht,"45.46510449,36.232613213",2
723,سردشت,srdasht,"57.903290832,26.456382143",36
1452,سردشت,srdasht,"50.212646574,30.325559719",20
1558,سردشت لردگان,srdasht-lrdgan,"50.844284351,31.385276093",16
46,سرعین,srain,"47.99332506,38.188127161",3
910,سرفاریاب,srfariab,"50.847418619,30.803634581",30
680,سرکان,srkan,"48.449883745,34.602001523",37
1340,سرگز,srgz,"56.657880939,27.944197966",36
1731,سرمست,srmst,"46.330863414,34.028458879",29
1777,سرو,sr,"44.642850794,37.727487344",2
308,سروآباد,srabad,"46.375408796,35.243941601",27
281,سروستان,srstan,"53.116109852,29.234140036",24
1447,سریش آباد,srish-abad,"47.785127497,35.257137736",27
1432,سطر,str,"47.461917646,34.81182526",29
986,سعادت شهر,saadt-shahr,"53.133351723,30.071557488",24
885,سعدآباد,sadabad,"51.11593917,29.385512614",7
871,سعیدآباد,saidabad,"56.47,32.01",8
1307,سفید دشت,sefid-dasht,"51.183791214,32.131115192",16
852,سفید سنگ,sefid-sng,"60.100181181,35.660659243",18
793,سفیدشهر,sefidshahr,"51.349903067,34.1280234",4
309,سقز,sqz,"46.371548417,36.158358439",27
1781,سگزآباد,sgzabad,"49.939701338,35.773427705",25
1266,سگزی,sgzi,"56.47,32.01",4
487,سلامی,slami,"59.977110364,34.745444323",18
398,سلسله,slsle,"48.210399793,33.835229149",33
1517,سلطان آباد,soltan-abad,"58.036902728,36.402910687",18
579,سلطان آباد,soltan-abad,"49.700200673,31.050220732",20
1440,سلطان شهر,soltan-shahr,"53.24207438,29.633861549",24
224,سلطانیه,soltanye,"48.824779213,36.486742487",21
1311,سلفچگان,slfchgan,"50.458736692,34.473504259",26
34,سلماس,slmas,"44.672134341,38.141046449",2
1761,سلمانشهر,slmanshahr,"51.20141625,36.701885332",34
1653,سماله,smale,"48.857796106,32.199937268",20
190,سملقان,smlqan,"56.596086024,37.671275877",19
230,سمنان,smnan,"53.801903446,35.054348533",22
64,سمیرم,smirm,"51.601455306,31.282824407",4
1662,سمیع آباد,smia-abad,"60.900535432,35.143538523",18
502,سنته,snteh,"46.548496938,36.171098149",27
1613,سنخواست,snkhast,"56.855941038,37.102129447",19
616,سندرک,sndrk,"57.425913083,26.837028696",36
344,سنقر,snqr,"47.548090386,34.86822958",29
1395,سنگان,sngan,"60.254082434,34.399252901",18
1425,سنگدوین,sngdyn,"54.856574661,36.997472362",31
873,سنگر,sngr,"49.695482141,37.179047936",32
310,سنندج,snndj,"46.892544245,35.375607973",27
731,سه قلعه,se-qlae,"58.396852045,33.663880425",17
583,سهرورد,serrd,"48.445375018,36.07084321",21
409,سوادکوه,sadkoh,"52.962470901,36.056484754",34
410,سوادکوه شمالی,sadkoh-shomali,"52.848831354,36.267154278",34
834,سودجان,sdjan,"50.397520271,32.522386407",16
1384,سوران,sran,"61.990363352,27.287470228",23
744,سورشجان,srshjan,"50.682978428,32.315150196",16
545,سورک,srk,"53.210748781,36.59669799",34
862,سورمق,srmq,"52.848233466,31.030741352",24
9991,سوری,sri,"56.47,32.01",33
1501,سوزا,sza,"56.062718087,26.782220099",36
972,سوسنگرد,ssngrd,"48.187100085,31.558853165",20
571,سوق,sq,"50.463684226,30.840399579",30
1388,سومار,smar,"45.640657349,33.884121319",29
1601,سی سخت,si-skht,"51.461009557,30.85699934",30
1387,سیاه منصور,siah-mnsor,"48.497167754,32.330599288",20
381,سیاهکل,siahkl,"49.906454763,36.939164377",32
1770,سیب,sib,"56.47,32.01",23
249,سیب و سوران,sib-o-sran,"61.850773363,27.309945116",23
12817,سیجوال,sijal,"56.47,32.01",31
587,سیدآباد,sidabad,"58.95351541,36.747265131",18
1164,سیدان,sidan,"53.004664817,30.004948519",24
847,سیراف,siraf,"52.357697188,27.656624729",7
326,سیرجان,sirjan,"55.682664124,29.33420394",28
1317,سیردان,sirdan,"49.191122348,36.648072274",25
823,سیرکان,sirkan,"62.645937879,26.835973644",23
93,سیروان,siran,"46.672856551,33.607190274",6
1718,سیریز,siriz,"55.970951161,31.017007045",28
444,سیریک,sirik,"57.222797828,26.484877737",36
1606,سیس,sis,"45.819039766,38.196336371",1
785,سیلوانه,silane,"44.85124601,37.42173854",2
411,سیمرغ,simrgh,"52.813442089,36.575921855",34
559,سیمین شهر,simin-shahr,"54.228750641,37.014643641",31
1867,سیمینه,simine,"46.149334066,36.730778002",2
1696,سین,sin,"51.65595264,32.852817333",4
753,سیه چشمه,sye-chshme,"44.382927195,39.063905911",2
1058,سیه رود,sye-roud,"46.003615728,38.864393527",1
1840,شاپور آباد,shapr-abad,"49.702541766,33.249382894",33
478,شاپورآباد,shaprabad,"51.742556603,32.843516457",4
208,شادگان,shadgan,"48.677834217,30.644375088",20
1477,شادمهر,shadmer,"59.037698056,35.172970792",18
430,شازند,shaznd,"49.302141037,33.893716448",35
620,شال,shal,"49.766147703,35.89697962",25
875,شاندیز,shandiz,"59.319973364,36.401013136",18
1473,شاهد شهر,shahd-shahr,"51.085701923,35.576653524",8
1385,شاهدیه,shahdye,"54.279189437,31.942980854",38
231,شاهرود,shahroud,"55.607621259,35.442165727",22
18662,شاهنجرین,shahnjrin,"56.47,32.01",37
983,شاهو,shah,"46.461324201,34.932927678",29
35,شاهین دژ,shahin-dzh,"46.639182004,36.669019139",2
1059,شاهین شهر,shahin-shahr,"51.548027365,32.858108453",4
65,شاهین شهر و میمه,shahin-shahr-o-mime,"51.183003016,33.302332388",4
761,شاوور,shaoor,"48.303469996,32.050572736",20
505,شباب,shbab,"46.637476279,33.749851846",6
1441,شبانکاره,shbankare,"50.992776133,29.471120343",7
11,شبستر,shbstr,"45.663598051,38.218822013",1
1703,شرافت,sharaft,"48.766761067,32.0861357",20
492,شربیان,sharbian,"47.103995903,37.895224646",1
1573,شرفخانه,sharfkhane,"45.491358992,38.180326715",1
1779,شروینه,sharoyne,"46.358371959,34.827574144",29
1593,شریف آباد,sharyf-abad,"51.77757243,35.438563533",8
1733,شریفیه,sharyfye,"50.149455641,36.21204432",25
170,ششتمد,shshtmd,"57.945282375,35.834500306",18
1205,ششده,shshde,"53.996380943,28.94969707",24
382,شفت,shft,"49.374404606,37.083770894",32
706,شلمان,shlman,"50.218191288,37.157982068",32
957,شلمزار,shlmzar,"50.814107028,32.047482468",16
1462,شمس آباد,shms-abad,"48.431081944,32.297168172",20
637,شمشک,shmshk,"51.488207561,36.010879324",8
1194,شمیرانات,shmiranat,"56.47,32.01",8
1079,شنبه,shnbe,"51.763580576,28.396418175",7
1559,شند آباد,shnd-abad,"45.62842106,38.149393855",1
689,شهباز,shebaz,"49.534860108,33.880688675",35
677,شهداد,shedad,"57.701886039,30.420022668",28
642,شهر جدید اندیشه,shahr-jadid-andishe,"51.020861013,35.704542909",8
1109,شهر جدید مجلسی,shahr-jadid-mjlsi,"51.499106865,32.197202245",4
774,شهر جدیدعلوی,shahr-jadidaly,"56.47,32.01",36
1289,شهرآباد,shahrabad,"57.936927625,35.148356417",18
589,شهرامام,shahramam,"48.434037146,32.219502668",20
327,شهربابک,shahrbabk,"55.004658462,30.222337691",28
1757,شهرپیر,shahrpir,"54.333860094,28.308051445",24
599,شهرجدید امیرکبیر,shahrjadid-amirkbir,"56.47,32.01",35
1641,شهرجدیدپردیس,shahrjadidpardis,"51.809321065,35.746074964",8
746,شهرجدیدپرند,shahrjadidparnd,"50.977343595,35.463781679",8
1631,شهرجدیدسهند,shahrjadidsend,"46.138889412,37.936968255",1
1328,شهرجدیدصدرا,shahrjadidsdra,"52.524950852,29.759006376",24
1555,شهرجدیدمهاجران,shahrjadidmhajran,"49.436245363,34.05083978",35
1292,شهرجدیدهشتگرد,shahrjadidhshtgrd,"50.731523815,35.981439877",5
1261,شهرزو,shahrz,"59.930862971,36.747359649",18
66,شهرضا,shahrza,"51.884305686,31.868410808",4
134,شهرکرد,shahrkurd,"50.798436298,32.303000849",16
1091,شهرکهنه,shahrkene,"56.47,32.01",18
108,شهریار,shahryar,"51.039408711,35.610076861",8
968,شهمیرزاد,shemirzad,"53.336670946,35.769999575",22
1304,شوسف,shsf,"60.010759546,31.802494004",17
209,شوش,shsh,"48.11244016,32.139339505",20
210,شوشتر,shshtr,"48.877881821,31.884244513",20
36,شوط,sht,"44.836002328,39.144469559",2
1745,شوقان,shqan,"56.892008777,37.34362948",19
1241,شول آباد,shl-abad,"49.187101789,33.188970903",33
1787,شویشه,shyshe,"46.675982307,35.356569859",27
806,شیبان,shiban,"48.794398447,31.404679461",20
282,شیراز,shiraz,"52.37247114,29.583144595",24
1330,شیرگاه,shirgah,"52.882065123,36.303854291",34
187,شیروان,shiran,"57.888983196,37.55076337",19
1341,شیرود,shiroud,"50.792887154,36.845378124",34
1281,شیرین سو,shirin-s,"48.452061919,35.493508333",37
590,شیرین شهر,shirin-shahr,"56.47,32.01",20
1129,صائین قلعه,saeyn-qlae,"49.071661452,36.312668464",21
1862,صاحب,sahb,"46.461464892,36.20447783",27
1582,صادق آباد,sadq-abad,"55.675218423,37.375434843",31
171,صالح آباد,salh-abad,"60.953519735,35.700051561",18
632,صالح آباد,salh-abad,"46.189291369,33.469881938",6
658,صالح آباد,salh-abad,"48.339331914,34.921780554",37
558,صالح شهر,salh-shahr,"48.667123136,32.217606695",20
694,صالحیه,salhye,"51.188537569,35.504703301",8
490,صبا شهر,sba-shahr,"51.119904118,35.579590033",8
345,صحنه,shne,"47.484717132,34.572833206",29
640,صغاد,sghad,"52.5166626,31.191424268",24
866,صفائیه,safaeye,"55.813548143,30.827323339",28
1393,صفادشت,safadasht,"50.853148842,35.687796916",8
1868,صفاشهر,safashahr,"53.166998668,30.599692121",24
921,صفی آباد,sfi-abad,"57.925572509,36.696169714",19
1188,صفی آباد,sfi-abad,"48.424709626,32.25842705",20
1632,صمصامی,smsami,"50.272024584,32.167477339",16
573,صوفیان,sofian,"45.993147718,38.277821676",1
383,صومعه سرا,somae-sra,"49.293384328,37.356630272",32
1231,صیدون,sydn,"56.47,32.01",20
797,ضیاءآباد,zyaءabad,"49.490483092,36.016531806",25
1069,طاد,tad,"56.47,32.01",4
225,طارم,tarm,"48.909861712,36.952858135",21
1592,طاقانک,taqank,"50.838125374,32.223534192",16
1435,طالخونچه,talkhnche,"51.563806145,32.25916397",4
82,طالقان,talqan,"50.808824377,36.208641501",5
146,طبس,tbs,"56.83813092,33.316396854",17
1082,طبس مسینا,tbs-msina,"60.221850268,32.810075924",17
1161,طبقده,tbqde,"53.200590621,36.762496129",34
1842,طبل,tbl,"55.726759543,26.757515657",36
1707,طرق رود,trq-roud,"51.790329551,33.356093791",4
1224,طرقبه,trqbe,"59.360898571,36.310212601",18
153,طرقبه شاندیز,trqbe-shandiz,"59.327063577,36.292491575",18
1543,طسوج,tsj,"52.705755917,29.267826924",24
384,طوالش,talsh,"48.782709439,37.887632154",32
10169,عاشقلو,aashql,"56.47,32.01",1
584,عالی شهر,aali-shahr,"51.069429462,28.933281618",7
412,عباس آباد,abas-abad,"51.152509625,36.650229081",34
1211,عباس آبادسردار,abas-abadsardar,"59.079946484,28.680214661",28
12,عجب شیر,ajb-shir,"45.811434183,37.486634067",1
1348,عسگران,asgran,"50.853511475,32.863540766",4
103,عسلویه,aslvieh,"52.717550784,27.434551547",7
819,عشق آباد,ashq-abad,"56.928755735,34.361465711",17
470,عشق آباد,ashq-abad,"58.682487178,36.042530712",18
601,عصمت آباد,asmt-abad,"50.066467148,35.847469374",25
1560,عقدا,aqda,"53.633389665,32.442235947",38
859,علامرودشت,alamroudsht,"53.006223698,27.621056583",24
1567,علویجه,alyje,"51.079361088,33.047241581",4
611,علی آباد,ali-abad,"56.849026975,28.358227532",28
672,علی آباد,ali-abad,"54.865359706,36.910249052",31
364,علی آباد کتول,ali-abad-ktol,"54.862521233,36.839722658",31
1585,علی اکبر,ali-akbr,"61.327234445,30.938871225",23
1086,علیشاه (علی آباد),alishah-(ali-abad),"45.834882788,38.140246175",1
1878,عمادشهر,amadshahr,"53.855248694,27.4432085",24
978,عنبر,anbr,"49.015110034,32.26383533",20
328,عنبرآباد,anbrabad,"58.162404584,28.408678569",28
1445,عنبران,anbran,"48.428161499,38.498849904",3
1097,غرق آباد,gharq-abad,"49.834071018,35.10896451",35
18629,غلامان,ghlaman,"56.47,32.01",19
135,فارسان,farsan,"50.559556021,32.225510324",16
896,فارغان,farghan,"56.250740912,28.012427015",36
188,فاروج,farj,"58.17488788,37.187024525",19
608,فاروق,farq,"53.049215096,29.963626591",24
329,فاریاب,fariab,"57.234322637,28.186631587",28
1233,فاضل آباد,fazl-abad,"54.751812173,36.900954749",31
1132,فال,fal,"52.696944286,27.627969412",24
452,فامنین,famnin,"49.193851584,35.086686835",37
1667,فتح آباد,fth-abad,"56.47,32.01",24
1083,فتح آباد,fth-abad,"51.542530115,31.602788679",4
926,فتح المبین,fth-almbin,"48.150267191,32.314274861",20
1508,فخرآباد,fkhrabad,"47.890371452,38.520576927",3
1615,فدامی,fdami,"55.134807795,28.215379188",24
956,فرادنبه,fradnbe,"51.215837378,32.008106763",16
283,فراشبند,frashbnd,"52.210130506,28.634635094",24
1783,فراغی,fraghi,"55.593825749,37.527703353",31
431,فراهان,frahan,"49.634218411,34.633145099",35
779,فرح آباد,frh-abad,"53.107643532,36.798146869",34
1267,فرخشهر,frkhshahr,"56.47,32.01",16
1428,فرخی,frkhy,"54.947372349,33.843389961",4
147,فردوس,frds,"57.970116923,33.954567327",17
863,فردوسیه,frdsye,"51.060425901,35.606025632",8
83,فردیس,frdis,"50.968200994,35.739337407",5
1831,فرسفج,frsfj,"48.290427468,34.48641611",37
18666,فرگ قلعه,frg-qlae,"56.47,32.01",18
966,فرمهین,frmeyn,"49.688402835,34.502826112",35
1170,فرهادگرد,frhadgrd,"59.731247685,35.765075572",18
1859,فرون آباد,frn-abad,"51.622905053,35.506815929",8
67,فریدن,fridn,"50.410650309,32.97674171",4
68,فریدونشهر,fridnshahr,"49.99835787,32.853944506",4
413,فریدونکنار,fridnknar,"52.528968112,36.646609311",34
734,فریم,frim,"53.271203317,36.172814096",34
172,فریمان,friman,"59.887563186,35.698031608",18
284,فسا,fsa,"53.786549569,28.951406402",24
1183,فشم,fshm,"51.507497319,35.907532695",8
1187,فلارد,flard,"56.47,32.01",16
69,فلاورجان,flaorjan,"51.529830509,32.516538829",4
250,فنوج,fnj,"59.535899179,26.728295896",23
330,فهرج,ferj,"59.165302343,29.086922767",28
1157,فولادشهر,fladshahr,"51.402102515,32.482546626",4
385,فومن,fmn,"49.166112818,37.184021781",32
1354,فیرورق,firrq,"44.830182939,38.585902116",2
881,فیروز آباد,firz-abad,"48.103410885,33.898414963",33
285,فیروزآباد,firzabad,"52.563471334,28.894400078",24
12954,فیروزآباد,firzabad,"56.47,32.01",3
1040,فیروزان,firzan,"48.11503413,34.358421943",37
116,فیروزکوه,firzkoh,"52.670502848,35.713983716",8
173,فیروزه,firze,"58.407628421,36.318955519",18
1013,فیض آباد,fiz-abad,"58.784471673,35.018994478",18
12842,فیل آباد,fil-abad,"56.47,32.01",16
1600,فین,fin,"55.887099974,27.631993191",36
414,قائم شهر,qaem-shahr,"52.87932964,36.455928314",34
1115,قائمیه,qaemye,"51.592715525,29.848813513",24
148,قائنات,qaenat,"59.192611098,33.720187365",17
973,قادرآباد,qadrabad,"53.254685657,30.276823394",24
12863,قاسم آباد,qasm-abad,"56.47,32.01",23
1699,قاسم آباد,qasm-abad,"59.861308155,34.359953112",18
1520,قاضی,qazy,"56.747033906,37.495457104",19
18735,قاهان,qahan,"56.47,32.01",26
1284,قاین,qin,"59.185082902,33.724153313",17
110,قدس,qds,"51.113786254,35.703382657",8
962,قدمگاه,qdmgah,"59.05451468,36.106468461",18
125,قرچک,qrchk,"51.560073,35.411066973",8
1861,قرق,qrq,"54.710956493,36.890345725",31
1669,قرقری,qrqri,"61.716903134,31.265702298",23
750,قره آغاج,qre-aghaj,"46.973795072,37.129004779",1
1810,قره بلاغ,qre-blagh,"54.132047737,28.90133269",24
1799,قره ضیاءالدین,qre-zyaءaldin,"45.005632195,38.882916389",2
311,قروه,qrh,"47.828501687,35.224141421",27
1252,قروه درگزین,qrh-drgzin,"49.101937485,35.313096944",37
302,قزوین,qzyn,"49.8559885,36.469256678",25
475,قشلاق,qshlaq,"50.423534145,36.013980743",25
445,قشم,qshm,"55.831555994,26.782987058",36
1101,قصابه,qsabe,"47.487673892,38.367278568",3
346,قصرشیرین,qsrshirin,"45.61366779,34.210830167",29
251,قصرقند,qsrqnd,"60.801140025,26.062490631",23
1536,قطب آباد,qtb-abad,"53.637128523,28.639867618",24
784,قطرویه,qtrvieh,"54.708298885,29.140641834",24
1112,قطور,qtr,"44.408342911,38.471907805",2
1163,قلعه,qlae,"46.898950175,34.735874277",29
1566,قلعه تل,qlae-tl,"49.887956201,31.627400828",20
1201,قلعه خواجه,qlae-khaje,"49.453384632,32.208359725",20
524,قلعه رییسی,qlae-riysi,"50.449288739,31.187786584",30
1495,قلعه قاضی,qlae-qazy,"56.550187381,27.451616096",36
331,قلعه گنج,qlae-gnj,"58.375975169,27.142873231",28
1454,قلعه نو,qlae-n,"51.516030961,35.509748319",8
1557,قلعه نوعلیا,qlae-nalia,"60.159294257,35.097237814",18
494,قلندرآباد,qlndrabad,"59.950724829,35.5992309",18
303,قم,qm,"51.045679152,34.692306409",26
1042,قمصر,qmsr,"51.430212749,33.751295861",4
556,قنوات,qnat,"51.025831426,34.613401521",26
777,قهاوند,qhaond,"49.004133039,34.858911665",37
886,قهجاورستان,ghejaorstan,"51.837276314,32.706968899",4
625,قهدریجان,ghedrijan,"51.4591362,32.588436161",4
953,قهستان,ghestan,"59.718218503,33.163564694",17
174,قوچان,qchan,"58.578773131,37.12309657",18
1461,قورچی باشی,qrchi-bashi,"49.881138933,33.676486822",35
691,قوشچی,qshchi,"45.039427252,37.990822573",2
752,قوشخانه,qshkhane,"57.723013978,37.745345796",19
790,قیامدشت,qiamdasht,"51.649477449,35.524137821",8
695,قیدار,qidar,"48.590760995,36.121119175",21
1092,قیر,qir,"53.041392397,28.478389031",24
286,قیروکارزین,qirkarzin,"52.908938153,28.340826529",24
1280,کاج,kaj,"50.582740023,32.058603169",16
1019,کاخک,kakhk,"58.646098761,34.146821122",18
919,کارچان,karchan,"49.932485086,34.103835304",35
1084,کارزین,karzin,"53.105908705,28.409227967",24
211,کارون,karn,"48.634261509,31.072693081",20
937,کاریز,kariz,"60.823365692,34.8114497",18
287,کازرون,kazrn,"51.714497265,29.470014049",24
70,کاشان,kashan,"51.281865943,33.922390947",4
175,کاشمر,kashmr,"58.552819395,35.224867993",18
1439,کاظم آباد,kazm-abad,"56.847096419,30.563996296",28
1099,کاکی,kaki,"51.529036637,28.342224336",7
702,کامفیروز,kamfirz,"52.19461027,30.322122437",24
1548,کامووچوگان,kamochgan,"51.267161819,33.622418549",4
312,کامیاران,kamiaran,"46.917954968,34.952027596",27
1794,کانی دینار,kani-dinar,"46.20877957,35.466798117",27
1073,کانی سور,kani-sr,"45.748893851,36.057528775",27
453,کبودرآهنگ,kbudrahng,"48.368108648,35.369962264",37
1216,کتالم وسادات شهر,ktalm-osadat-shahr,"50.715204937,36.879008585",34
1537,کجور,kjr,"51.732117054,36.382475719",34
1094,کدکن,kdkn,"58.878498273,35.587108796",18
84,کرج,kerj,"51.147983167,35.96089371",5
212,کرخه,kerkhh,"48.372723216,31.858014125",20
1297,کردکندی,kurdkndi,"56.47,32.01",1
365,کردکوی,kurdky,"54.200860167,36.685481044",31
1390,کرسف,kersf,"48.505349762,36.046166408",21
1531,کرفس,kerfs,"49.297732282,35.362849713",37
1139,کرکوند,kerknd,"51.447222509,32.343674692",4
569,کرگان,kergan,"56.47,32.01",36
332,کرمان,kerman,"58.136559163,30.343522581",28
347,کرمانشاه,kermanshah,"47.011607241,34.295394097",29
1489,کرند,kernd,"56.47,32.01",31
1552,کرندغرب,kerndgharb,"46.248485607,34.270045292",29
1729,کره ای,kerh-i,"53.717925487,30.032970943",24
822,کشاورز,kshaorz,"46.352128,36.835270603",2
949,کشکسرای,kshksri,"45.561097925,38.459267032",1
1426,کشکوئیه,kshkeye,"56.592865879,28.966246666",28
176,کلات,klat,"59.900674572,36.836478586",18
544,کلاته,klateh,"54.143727895,36.35334405",22
901,کلاته خیج,klateh-khyj,"55.298893038,36.672704182",22
588,کلاچای,klachi,"50.395842466,37.077718555",32
1569,کلارآباد,klarabad,"51.257325849,36.687230007",34
415,کلاردشت,klardasht,"51.076458951,36.446265282",34
366,کلاله,klale,"55.574406522,37.556102683",31
1352,کلمه,klme,"51.458320878,28.941293303",7
1179,کلوانق,klanq,"47.002747605,38.104677877",1
730,کلور,klr,"48.720474517,37.387525924",3
13,کلیبر,klibr,"47.135138674,38.928703395",1
1061,کلیشادوسودرجان,klishadsdrjan,"51.532449041,32.547545089",4
906,کمالشهر,kmalshahr,"50.877807337,35.864967689",5
1234,کمشچه,kmshche,"51.811365777,32.910864095",4
1242,کمه,kme,"51.594184695,31.066172972",4
432,کمیجان,kmijan,"49.317021848,34.723205648",35
740,کنار تخته,knar-takhth,"51.390094133,29.525520852",24
252,کنارک,knark,"59.825472951,25.631167993",23
1513,کندر,kndr,"58.151344603,35.212172215",18
856,کنگ,kng,"54.934687247,26.601950263",36
104,کنگان,kngan,"52.259591121,27.752692368",7
348,کنگاور,kngaor,"47.911368413,34.480626248",29
1498,کهریزسنگ,kerizsng,"51.473223904,32.634264746",4
1621,کهریزک,kerizk,"51.358784531,35.51895595",8
1196,کهک,kek,"56.47,32.01",26
356,کهگیلویه,kegilvieh,"50.486759405,31.048165893",30
984,کهن آباد,ken-abad,"52.520758486,35.222322165",22
333,کهنوج,kenj,"57.642520947,27.88966885",28
288,کوار,kar,"52.713557436,29.223907735",24
1759,کوپن,kpn,"51.286765674,30.334697603",24
1136,کوت سیدنعیم,kt-sidnaim,"48.383092479,31.456949572",20
1342,کوت عبدالله,kt-abdalle,"48.661958924,31.231615568",20
47,کوثر,ksr,"48.272435733,37.706855128",3
1507,کوچصفهان,kchsfhan,"49.771031386,37.278204985",32
1032,کوخردهرنگ,kkhrderng,"56.47,32.01",36
1257,کورائیم,kraeym,"48.236125265,37.953474336",3
1107,کوره,kre,"56.47,32.01",24
1283,کوره فرنگی,kre-frngi,"56.47,32.01",8
1421,کوزران,kzran,"46.600260622,34.495202076",29
1816,کوزه کنان,kze-knan,"45.580372579,38.192066557",1
1271,کوشک,kshk,"51.495411366,32.636164185",4
1503,کوشکنار,kshknar,"52.868039019,27.259263096",36
1102,کومله,kmle,"50.175798492,37.150021817",32
289,کوه چنار,koh-chnar,"51.702099139,29.784961899",24
334,کوهبنان,kohbnan,"56.27199573,31.332579414",28
1185,کوهپایه,kohpih,"56.47,32.01",4
399,کوهدشت,kohdasht,"47.381576093,33.551159399",33
136,کوهرنگ,kohrng,"50.037276238,32.418267394",16
958,کوهسار,kohsar,"50.777112802,35.950034998",5
503,کوهستک,kohstk,"57.027154497,26.801553184",36
177,کوهسرخ,kohsrkh,"58.440816514,35.570860032",18
1589,کوهنانی,kohnani,"47.326330076,33.4025612",33
1200,کوهنجان,kohnjan,"52.960004045,29.231088587",24
1844,کوهی خیل,kohy-khyl,"52.905804127,36.687659939",34
693,کوهیچ,kohych,"54.170632306,27.193361626",36
936,کوهین,kohyn,"49.65892167,36.371897712",25
137,کیار,kiar,"50.792411568,31.904903875",16
538,کیاسر,kiasr,"53.540035809,36.238541196",34
1744,کیاشهر,kiashahr,"49.945542568,37.420467683",32
1629,کیاکلا,kiakla,"52.812374413,36.57590528",34
1005,کیان,kian,"50.890200027,32.283141232",16
1875,کیانشهر,kianshahr,"56.381762788,31.153554478",28
1625,کیش,kish,"53.97953392,26.534861443",36
1675,کیلان,kilan,"52.168034479,35.550743376",8
367,گالیکش,galiksh,"55.679031412,37.327667669",31
1457,گتاب,gtab,"52.655019314,36.424888894",34
213,گتوند,gtond,"48.816676384,32.235829885",20
1065,گتیج,gtyj,"59.139817173,26.722687583",23
357,گچساران,gchsaran,"50.744248669,30.303930488",30
1465,گراب,grab,"47.236507262,33.474659493",33
582,گراب سفلی,grab-sfli,"50.897370098,30.942478933",30
290,گراش,grash,"53.700846279,27.65203128",24
1775,گرگاب,grgab,"51.596334968,32.865490651",4
368,گرگان,grgan,"54.505930112,36.755015827",31
770,گرماب,grmab,"56.47,32.01",18
1329,گرماب,grmab,"48.200311834,35.84923449",21
486,گرمدره,grmdre,"51.062740775,35.749021447",5
232,گرمسار,grmsar,"52.174384349,34.942335867",22
189,گرمه,grme,"56.245969747,37.156468377",19
48,گرمی,grmi,"48.066844043,39.022468663",3
1347,گروک,grk,"57.09668359,26.587985516",36
1821,گزبرخوار,gzbrkhar,"51.616931827,32.811189076",4
527,گزنک,gznk,"52.225033492,35.905579288",34
898,گزیک,gzik,"60.226086449,32.998139388",17
924,گشت,gsht,"61.952553683,27.788083587",23
1166,گل تپه,gl-tpe,"48.205985523,35.220740277",37
1041,گلباف,glbaf,"57.731463559,29.884035332",28
178,گلبهار,glbahar,"59.167117592,36.550851007",18
71,گلپایگان,glpigan,"50.379705949,33.45318684",4
1410,گلدشت,gldasht,"51.455305191,32.647961251",4
1603,گلزار,glzar,"57.046836007,29.71023509",28
1561,گلسار,glsar,"50.776275175,35.909765155",5
1128,گلستان,glstan,"51.160875106,35.519920101",8
253,گلشن,glshn,"62.559483545,27.752037882",23
1068,گلشن,glshn,"51.752136732,31.930821957",4
1138,گلشهر,glshahr,"50.461650642,33.503649209",4
1668,گلگیر,glgir,"49.497045183,31.762475323",20
1372,گلمکان,glmkan,"59.158910783,36.482227607",18
1267,گلمورتی,glmrty,"59.44710151,27.480869618",23
1337,گله دار,gle-dar,"52.658580734,27.657368212",24
416,گلوگاه,glgah,"53.80185293,36.717297766",34
850,گلیداغ,glidagh,"55.945821777,37.642222532",31
1591,گمیش تپه,gmish-tpe,"54.076666576,37.070795331",31
369,گمیشان,gmishan,"54.156219814,37.149099839",31
179,گناباد,gnabad,"58.878299536,34.385226501",18
105,گناوه,gnaoh,"50.627985075,29.618812146",7
370,گنبدکاووس,gnbdkaoos,"55.103352707,37.560141567",31
481,گنبکی,gnbki,"58.86793939,28.714982149",28
1526,گندمان,gndman,"51.155724467,31.865014247",16
656,گهرو,ger,"50.88065965,32.011209412",16
1453,گهواره,ghare,"46.417438035,34.343567361",29
1397,گوجان,gjan,"50.542794466,32.245355101",16
1572,گودین,gdin,"48.079037751,34.507498056",29
661,گوراب زرمیخ,grab-zrmikh,"49.220095677,37.306646287",32
938,گوریه,grye,"48.754832788,31.854505934",20
1715,گوگ تپه,gg-tpe,"45.806146593,36.868255741",2
1054,گوگان,ggan,"45.90823998,37.781605092",1
1383,گوگد,ggd,"50.354130002,33.474011537",4
1182,گوهران,ghran,"57.895856863,26.597761469",36
724,گیان,gian,"48.24597482,34.176061004",37
349,گیلانغرب,gilangharb,"45.971069628,34.068419436",29
1793,گیوی,gyy,"48.342909754,37.689992243",3
955,لاجان,lajan,"45.264687786,36.807664549",2
1009,لادیز,ladiz,"56.47,32.01",23
963,لار,lar,"54.326663124,27.666023746",24
291,لارستان,larstan,"54.470718807,27.81170033",24
1080,لاریجان,larijan,"47.197781137,39.303986296",1
1148,لاشار,lashar,"56.47,32.01",23
1119,لالجین,laljin,"48.478623029,34.976692777",37
630,لاله زار,lale-zar,"56.811033017,29.527400182",28
214,لالی,lali,"49.173926126,32.422081374",20
292,لامرد,lamrd,"53.318543978,27.424700688",24
533,لاهرود,lahroud,"47.829234621,38.497192403",3
386,لاهیجان,lahijan,"50.035569934,37.221755558",32
18739,لاهیجان,lahijan,"56.47,32.01",1
1011,لای بید,li-bid,"50.694291109,33.458548161",4
1685,لپویی,lpyi,"52.662565397,29.796310215",24
138,لردگان,lrdgan,"50.85926931,31.416857829",16
1541,لشت نشاء,lsht-nshaء,"49.860261136,37.359593321",32
1314,لطف آباد,ltf-abad,"59.335973649,37.517749224",18
992,لطیفی,ltifi,"54.394077482,27.688973317",24
1075,لمزان,lmzan,"54.888514514,27.045793853",36
72,لنجان,lnjan,"51.226774866,32.389413921",4
358,لنده,lnde,"50.354535488,30.978671318",30
387,لنگرود,lngroud,"50.118871101,37.126464336",32
832,لواسان,lasan,"51.636790984,35.817774214",8
1130,لوجلی,ljli,"57.857932589,37.607397461",19
1638,لوشان,lshan,"49.509308426,36.630382493",32
1173,لولمان,llman,"49.844703299,37.254913439",32
931,لومار,lmar,"46.812638491,33.56725314",6
1114,لوندویل,lndyl,"48.868146318,38.307542841",32
1204,لیردف,lirdf,"58.86242909,25.638759817",36
1586,لیسار,lisar,"48.908411301,37.958740218",32
1015,لیکک,likk,"50.095256503,30.906710666",30
1197,لیلان,lilan,"56.47,32.01",1
1766,مادرسلیمان,madrsoleyman,"53.175123948,30.19058364",24
1481,مادوان,madan,"51.548923029,30.720071495",30
1188,مارگون,margn,"56.47,32.01",30
613,ماژان,mazhan,"59.016080025,32.577749753",17
861,ماژین,mazhyn,"47.788604218,32.953913149",6
388,ماسال,masal,"48.987876912,37.367293926",32
476,ماسوله,masle,"48.990226934,37.154991528",32
1782,ماکلوان,maklan,"49.193520918,37.191879373",32
37,ماکو,mak,"44.59559507,39.454059443",2
1482,مال خلیفه,mal-khlife,"51.27094591,31.287813168",16
738,مالوجه,malje,"56.47,32.01",27
1178,مامونیه,mamnye,"50.489918886,35.307771667",35
1264,مانه,mane,"56.47,32.01",19
929,ماهان,mahan,"57.287918218,30.056974407",28
1583,ماهدشت,mahdasht,"50.808168662,35.728979925",5
226,ماهنشان,mahnshan,"47.593841302,36.648695842",21
1146,مبارک آباد,mbark-abad,"53.328954235,28.359115728",24
1769,مبارک شهر,mbark-shahr,"46.061569647,37.18131936",1
73,مبارکه,mbarke,"51.513074157,32.284451247",4
553,مجن,mjn,"54.647990881,36.479449594",22
12812,مجومرد,mjmrd,"56.47,32.01",38
433,محلات,mhlat,"50.427423865,33.907627807",35
514,محمدآباد,mhmdabad,"61.462741316,30.884511282",23
1771,محمدآباد,mhmdabad,"52.096537027,32.316516337",4
1263,محمدآباد,mhmdabad,"59.019436357,28.649473705",28
1847,محمدان,mhmdan,"60.554871528,27.201339551",23
1110,محمدشهر,mhmdshahr,"59.017656934,32.875606348",17
1693,محمدشهر,mhmdshahr,"50.898977657,35.749009328",5
586,محمدی,mhmdi,"62.385115399,27.321582889",23
1870,محمدیار,mhmdiar,"45.51568407,36.980827491",2
1438,محمدیه,mhmdye,"50.184437133,36.227792365",25
729,محمله,mhmle,"53.058471205,27.78082666",24
417,محمودآباد,mhmdabad,"52.327427631,36.602660264",34
1004,محمودآباد,mhmdabad,"46.517990809,36.716661325",2
575,محمودآبادنمونه,mhmdabadnmne,"49.901716978,36.29321557",25
666,محی آباد,mhy-abad,"57.151730211,30.082478789",28
1140,مرادلو,mradl,"47.748666955,38.74652639",3
14,مراغه,mraghe,"46.422078394,37.362003223",1
371,مراوه تپه,mraoh-tpe,"55.929401064,37.849006647",31
1610,مرجقل,mrjql,"49.377708872,37.27662252",32
479,مردهک,mrdek,"58.158607472,28.353280291",28
821,مرزن آباد,mrzn-abad,"51.29696648,36.456055363",34
1587,مرزی کلا,mrzi-kla,"52.735839489,36.360547741",34
1750,مرگنلر,mrgnlr,"44.952775153,39.146687131",2
15,مرند,mrnd,"45.66360859,38.5601334",1
293,مرودشت,mroudsht,"52.634843402,30.10937911",24
464,مروست,mrst,"56.47,32.01",38
1427,مریانج,mrianj,"48.45776664,34.829856944",37
313,مریوان,mryan,"46.344972453,35.577857053",27
813,مزایجان,mzijan,"53.805911828,30.292231952",24
1194,مزدآوند,mzdaond,"60.527257491,36.154938895",18
849,مزرج,mzrj,"56.47,32.01",18
1374,مزرعه,mzrae,"54.857821771,36.954110564",31
480,مس سرچشمه,ms-srchshme,"55.795844388,29.998828279",28
215,مسجدسلیمان,msjdsoleyman,"49.311920556,31.948916401",20
1514,مسکن مهر فاز2,mskn-mer-faz2,"56.47,32.01",33
1072,مشراگه,msharage,"49.437125257,31.010161183",20
1096,مشکات,mshkat,"51.268958031,34.175482677",4
697,مشکان,mshkan,"58.146964022,36.534224454",18
484,مشکان,mshkan,"54.340986952,29.474821361",24
1020,مشکین دشت,mshkin-dasht,"50.94309524,35.744653412",5
49,مشگین شهر,mshgin-shahr,"47.782040077,38.557486465",3
180,مشهد,mshed,"59.803780153,36.243791898",18
1448,مشهدریزه,mshedrize,"60.514190526,34.79344184",18
1449,مصیری,msyri,"51.53144986,30.241219888",24
1098,مظفری,mzfri,"56.47,32.01",24
713,معزابادجابری,mazabadjabri,"53.359134248,29.481787835",24
1437,معلم کلایه,malm-klih,"50.479156721,36.448888825",25
769,معمولان,mamlan,"47.96184291,33.378078881",33
1634,مغانسر,mghansr,"48.013442464,39.5809745",3
1553,ملاثانی,mlasani,"48.885454119,31.584069569",20
111,ملارد,mlard,"50.68871663,35.611119597",8
454,ملایر,mlir,"48.802083682,34.320737207",37
1726,ملک آباد,mlk-abad,"59.593152992,35.995053038",18
16,ملکان,mlkan,"46.21141288,37.126884534",1
94,ملکشاهی,mlkshahi,"46.560889373,33.299860861",6
294,ممسنی,mmsni,"51.378862483,30.013750167",24
686,ممقان,mmqan,"45.95940579,37.834854461",1
1708,منتظران,mntzran,"48.384473902,32.268835668",20
1749,منج,mnj,"50.627079864,31.538645853",16
1339,منجیل,mnjil,"49.405412033,36.728448969",32
914,منصوریه,mnsorye,"50.302232409,30.628589857",20
498,منظریه,mnzrye,"51.871470838,31.941511427",4
335,منوجان,mnjan,"57.643532191,27.349074609",28
181,مه ولات,me-olat,"58.757975009,34.985168555",18
38,مهاباد,mhabad,"45.740388872,36.671498731",2
649,مهاباد,mhabad,"52.225988409,33.526153272",4
1657,مهاجران,mhajran,"48.61609393,35.080016429",37
233,مهدی شهر,medi-shahr,"53.399778842,35.887469985",22
295,مهر,mer,"52.72338971,27.663231075",24
1376,مهر,mer,"46.465471031,33.43105524",6
95,مهران,meran,"46.27906822,33.244222331",6
1833,مهربان,merban,"47.131452426,38.073856903",1
612,مهردشت,merdasht,"53.349414067,31.032157275",38
254,مهرستان,merstan,"61.583041543,27.035539898",23
18777,مهرگان,mergan,"56.47,32.01",25
465,مهریز,meriz,"54.642673198,31.346717524",38
1316,موچش,mchsh,"47.151188969,35.053201162",27
1792,مود,md,"59.524311881,32.706887387",17
1022,مورموری,mrmri,"47.677128302,32.727663313",6
638,موسیان,msian,"47.3771183,32.520593629",6
835,مومن آباد,mmn-abad,"49.52252803,33.590682313",33
234,میامی,miami,"56.050576747,36.616187184",22
1191,میان جلگه,mian-jlge,"56.47,32.01",18
1169,میان راهان,mian-rahan,"56.47,32.01",29
39,میاندوآب,miandab,"46.219255851,37.002601505",2
418,میاندورود,miandroud,"53.257422931,36.601963685",34
1229,میانرود,mianroud,"48.442930559,32.153514635",20
1649,میانشهر,mianshahr,"53.857132823,28.718118396",24
853,میانکوه,miankoh,"49.73365793,30.787920991",20
17,میانه,miane,"47.728343473,37.466926862",1
466,میبد,mibd,"53.528346118,31.997155195",38
1272,میداود,midaod,"49.814715873,31.371351711",20
1266,میرآباد,mirabad,"56.47,32.01",2
1268,میرآباد,mirabad,"46.296492662,34.686496107",29
255,میرجاوه,mirjaoh,"61.251592448,28.908756607",23
547,میلاجرد,milajrd,"49.218727177,34.621059463",35
603,میمند,mimnd,"52.756222357,28.876405788",24
976,میمه,mime,"46.917671375,33.22811908",6
690,میمه,mime,"51.177703806,33.438876889",4
446,میناب,minab,"57.318113299,26.948311045",36
1291,مینادشت,minadasht,"51.445492808,32.492641904",4
372,مینودشت,mindasht,"55.455435629,37.136446099",31
1202,مینوشهر,minshahr,"48.221939633,30.351467469",20
74,نائین,naeyn,"53.635158477,33.42656633",4
1024,نازک علیا,nazk-alia,"45.05821266,39.011128952",2
12941,ناصرالدین,nesraldin,"56.47,32.01",33
1246,ناغان,naghan,"50.728857177,31.935846241",16
696,نافچ,nafch,"50.782600194,32.413433479",16
1690,نالوس,nals,"45.146838435,36.982371523",2
75,نجف آباد,njf-abad,"51.047242994,32.947486767",4
1609,نجف شهر,njf-shahr,"55.710550446,29.383495969",28
1244,نخل تقی,nkhl-tqi,"52.589395442,27.505219881",7
623,ندوشن,ndshn,"53.54971413,32.029452684",38
1656,نراق,nraq,"50.837996205,34.009733152",35
874,نرجه,nrje,"49.608188028,36.000407335",25
336,نرماشیر,nrmashir,"58.75952537,29.273650291",28
12948,نسر,nsr,"56.47,32.01",18
1756,نسیم شهر,nsim-shahr,"51.166946585,35.559175572",8
513,نشتارود,nshtaroud,"51.044426451,36.739245428",34
1420,نشتیفان,nshtyfan,"60.17693551,34.432453636",18
1018,نصرآباد,nsrabad,"52.062553522,32.279373835",4
1686,نصرآباد,nsrabad,"60.316924417,35.418237185",18
1430,نصرت آباد,nsrt-abad,"59.973416345,29.872634689",23
1318,نصیرشهر,nsyrshahr,"51.140292595,35.483288371",8
76,نطنز,ntnz,"51.905839935,33.574288188",4
1394,نظام شهر,nzam-shahr,"58.548049218,28.911636478",28
617,نظر کهریزی,nzr-kerizi,"46.762359695,37.348514054",1
85,نظرآباد,nzrabad,"50.529296068,35.909232796",5
977,نقاب,nqab,"57.42435626,36.699405217",18
40,نقده,nqde,"45.476209526,37.041386209",2
1269,نقنه,nqne,"51.3292241,31.932415117",16
419,نکا,nka,"53.567081327,36.50992039",34
900,نگار,ngar,"56.800098822,29.861855258",28
8685,نگور,ngr,"56.47,32.01",23
523,نگین شهر,ngin-shahr,"55.166453194,37.139303502",31
604,نلاس,nlas,"45.493124555,36.265286382",2
50,نمین,nmin,"48.466680508,38.392381921",3
455,نهاوند,nhaond,"48.250575845,34.225669438",37
149,نهبندان,nebndan,"59.799883296,31.500373913",17
844,نوبران,nbran,"49.70907568,35.132626368",35
1375,نوبندگان,nbndgan,"53.82443949,28.858505685",24
500,نوجین,njin,"52.01471032,29.122616415",24
971,نوخندان,nkhndan,"58.988999693,37.517177023",18
739,نودان,ndan,"51.682046417,29.798017074",24
477,نودژ,ndzh,"57.448633852,27.532738232",28
546,نودشه,ndshe,"46.252919971,35.179463381",29
1825,نوده انقلاب,nde-anqlab,"57.642136185,36.465284961",18
578,نوده خاندوز,nde-khandz,"55.262857243,37.074989985",31
420,نور,nr,"51.913238535,36.281640026",34
1864,نور آباد,nr-abad,"51.542502565,30.112235792",24
1093,نورآباد,nrabad,"47.973680213,34.06917676",33
996,نوربهار,nrbahar,"48.791272313,35.937132423",21
1327,نوسود,nsd,"46.203884697,35.163556848",29
1255,نوش آباد,nsh-abad,"51.439703572,34.080409282",4
421,نوشهر,nshahr,"51.600651138,36.435154397",34
1048,نوشین,nshin,"45.05066677,37.726416246",2
1599,نوک آباد,nk-abad,"56.47,32.01",23
1620,نوکنده,nknde,"53.913849004,36.739962554",31
296,نی ریز,ni-riz,"54.647804889,29.218686464",24
1419,نیاسر,niasr,"51.152447824,33.972828049",4
51,نیر,nir,"48.115117155,37.984004193",3
472,نیر,nir,"54.130417611,31.486011122",38
182,نیشابور,nishabur,"58.624591672,36.230678393",18
699,نیک آباد,nik-abad,"52.20357995,32.301872183",4
256,نیک شهر,nik-shahr,"59.927541784,26.342991717",23
848,نیکپی,nikpi,"48.173849369,36.849172096",21
1480,نیل شهر,nil-shahr,"60.772959025,35.12381695",18
493,نیمبلوک,nimblk,"58.927573525,33.911835",17
257,نیمروز,nimrz,"60.749691817,31.003444458",23
1133,نیمور,nimr,"50.562874124,33.883078103",35
1692,هادی شهر,hadi-shahr,"52.627057609,36.638540554",34
1175,هادیشهر,hadishahr,"45.657485669,38.837084092",1
1614,هارونی,harni,"50.569959105,32.390862705",16
258,هامون,hamn,"61.114746193,30.577947756",23
1658,هجدک,hjdk,"56.997105986,30.759896797",28
893,هچیرود,hchiroud,"51.340539198,36.677714569",34
654,هرات,hrat,"54.372186822,30.050539898",38
350,هرسین,hrsin,"47.453863675,34.340046794",29
1590,هرمز,hrmz,"56.465043722,27.085823295",36
77,هرند,hrnd,"56.47,32.01",4
18,هریس,hris,"46.82670127,38.22991925",1
1524,هزارکانیان,hzarkanian,"46.812270944,35.768160768",27
1118,هشتبندی,hshtbndi,"57.449709214,27.151178598",36
1443,هشتپر,hshtpar,"48.908021253,37.796871971",32
1500,هشتجین,hshtjin,"48.326538645,37.370031567",3
19,هشترود,hshtroud,"46.908200921,37.427406622",1
525,هشتگرد,hshtgrd,"50.680295072,35.956945886",5
1554,هفت چشمه,hft-chshme,"47.765150326,34.209890559",33
216,هفتگل,hftgl,"49.411810994,31.538380564",20
1414,هفشجان,hfshjan,"50.791215382,32.225025982",16
864,هلشی,hlshi,"47.092269176,34.113323033",29
1183,هلیلان,hlilan,"56.47,32.01",6
1290,هماشهر,hmashahr,"52.083222195,30.111397439",24
1476,هماشهر,hmashahr,"55.811089501,29.641411152",28
1845,همت آباد,hmt-abad,"58.462657798,36.297654264",18
456,همدان,hmdan,"48.802367556,34.825581274",37
1877,هندودر,hnddr,"49.230569984,33.776897141",35
217,هندیجان,hndijan,"49.736794015,30.310939305",20
489,هنزا,hnza,"57.187027362,29.296963651",28
970,هنگویه,hngvieh,"54.010048939,27.068125103",36
20,هوراند,hrand,"47.384670107,38.847000733",1
1055,هوره,hre,"50.852337689,32.561845029",16
218,هویزه,hyze,"47.948854223,31.306777426",20
648,هیدج,hidj,"49.137133845,36.261167015",21
1206,هیدوچ,hidch,"62.110240687,27.001913689",23
1302,هیر,hir,"48.505385292,38.07727128",3
259,هیرمند,hirmnd,"61.665905911,31.206801564",23
1149,واجارگاه,oajargah,"50.406530149,37.043411767",32
764,وایقان,oiqan,"45.699833034,38.118273938",1
1523,وحدتیه,ohdtye,"51.242035473,29.488785248",7
1542,وحیدیه,ohydye,"51.020263454,35.60084778",8
126,ورامین,oramin,"51.760164272,35.138015386",8
1400,وراوی,oraoy,"53.052713298,27.467364532",24
1836,وردنجان,ordnjan,"50.768675057,32.474489308",16
21,ورزقان,orzqan,"46.463870014,38.600825872",1
78,ورزنه,orzne,"56.47,32.01",4
683,ورنامخواست,ornamkhast,"51.385900637,32.354147506",4
1035,وزوان,ozan,"51.183766143,33.41864413",4
1344,ونایی,oniy,"48.591277609,33.915261745",33
1209,ونک,onk,"51.325856345,31.527799513",4
1335,ویس,oys,"48.866349413,31.467162247",20
745,ویست,oyst,"56.47,32.01",4
865,ویسیان,oysian,"48.030986316,33.488359446",33
1264,یاسوج,yasj,"51.577123658,30.673781638",30
1829,یاسوکند,yasknd,"47.742379194,36.281156419",27
1398,یامچی,yamchi,"45.645930795,38.518440886",1
1562,یان چشمه,yan-chshme,"50.726223384,32.669300433",16
467,یزد,yzd,"54.526379761,31.937039124",38
471,یزدان شهر,yzdan-shahr,"56.379122609,30.865554901",28
1034,یکه سعود,yke-sad,"56.69183138,38.172168292",19
18628,یکه سعود جدید,yke-sad-jadid,"56.47,32.01",19
18639,ینقاق,ynqaq,"56.47,32.01",31
1549,یولاگلدی,ylagldi,"44.817411168,39.284748913",2
1673,یونسی,ynsi,"58.435083877,34.804231457",18
