ID,Name,Coordinates,Type,Province
1,آذربایجان شرقی,"46.657455911,38.005599119",province,0
2,آذربایجان غربی,"45.358173161,37.646162698",province,0
3,اردبیل,"48.08412099,38.44756018",province,0
4,اصفهان,"52.500527841,33.119744751",province,0
5,البرز,"50.81244392,35.967066697",province,0
6,ایلام,"46.919566626,33.124777218",province,0
7,بوشهر,"51.382261789,28.837729143",province,0
8,تهران,"51.734780835,35.561769196",province,0
16,چهارمحال وبختیاری,"50.645654508,32.040856025",province,0
17,خراسان جنوبی,"58.329196409,32.928303305",province,0
18,خراسان رضوی,"59.064571642,35.68213255",province,0
19,خراسان شمالی,"57.134744995,37.402500809",province,0
20,خوزستان,"49.023067568,31.451612401",province,0
21,زنجان,"48.393362741,36.505208342",province,0
22,سمنان,"54.671311861,35.423377673",province,0
23,سیستان وبلوچستان,"60.738712797,27.91477435",province,0
24,فارس,"53.254773391,29.164414999",province,0
25,قزوین,"49.766882976,36.091915787",province,0
26,قم,"51.04567986,34.69230703",province,0
27,کردستان,"46.982168937,35.680601372",province,0
28,کرمان,"57.313638603,29.595840732",province,0
29,کرمانشاه,"46.688100444,34.434566608",province,0
30,کهگیلویه وبویراحمد,"50.840223453,30.768287678",province,0
31,گلستان,"55.090960767,37.319996037",province,0
32,گیلان,"49.489480204,37.26118093",province,0
33,لرستان,"48.433747876,33.464293339",province,0
34,مازندران,"52.38919139,36.382721887",province,0
35,مرکزی,"49.954828123,34.491599683",province,0
36,هرمزگان,"56.452980774,27.020350527",province,0
37,همدان,"48.610733886,34.893465671",province,0
38,یزد,"54.61418449,31.806343956",province,0
495,آب بر,"48.952582136,36.927923362",city,21
580,آباد,"51.250106902,29.029348722",city,7
191,آبادان,"48.60038637,30.20422262",county,20
260,آباده,"52.433819779,31.208023216",county,24
593,آباده طشک,"53.725892479,29.811035353",city,24
980,آبپخش,"51.066458625,29.367930216",city,7
1805,آبدان,"51.767845155,28.07969484",city,7
86,آبدانان,"47.524275265,32.846182428",county,6
884,آبژدان,"49.453219362,32.063647833",city,20
1648,آبسرد,"52.15643407,35.6221404",city,8
800,آبش احمد,"47.315800105,39.045485572",city,1
889,آبعلی,"51.966525362,35.768157253",city,8
857,آبگرم,"49.284298418,35.757613596",city,25
1763,آبی بیگلو,"48.552855778,38.281799327",city,3
1225,آبیز,"59.964335098,33.69459373",city,17
297,آبیک,"50.351996466,36.091762894",county,25
1580,آجین,"47.926010444,34.737338493",city,37
1661,آچاچی,"47.781449512,37.398178123",city,1
1,آذرشهر,"45.817293148,37.722983723",county,1
227,آرادان,"52.632297935,34.904195081",county,22
1468,آراللو,"48.421704203,38.138569048",city,3
52,آران و بیدگل,"51.894914836,34.156913257",county,4
1349,آرمرده,"45.794661858,35.930934231",city,27
665,آرین شهر,"59.23306909,33.329678963",city,17
359,آزادشهر,"55.335391394,36.989916591",county,31
1491,آزادی,"48.24794784,32.399082876",city,20
1190,آسارا,"51.171497606,36.028947145",city,5
373,آستارا,"48.747428495,38.350940583",county,32
663,آستانه,"49.347395059,33.886963608",city,35
374,آستانه اشرفیه,"49.975834838,37.333345088",county,32
483,آستانه سرا,"56.47,32.01",city,34
1511,آسمان آباد,"46.464651509,33.849720512",city,6
8776,آشار,"56.47,32.01",city,23
422,آشتیان,"50.057297506,34.43766608",county,35
918,آشخانه,"56.923916683,37.558001522",city,19
192,آغاجاری,"49.904942969,30.750836404",county,20
360,آق قلا,"54.532622363,37.166980941",county,31
1417,آقکند,"48.058991932,37.258791879",city,1
1484,آکند,"53.078713281,36.695815085",city,34
1539,آلاشت,"52.83137015,36.06637619",city,34
1236,آلماجق,"56.47,32.01",city,18
681,آلنی,"56.47,32.01",city,3
685,آلونی,"51.062508393,31.55194141",city,16
400,آمل,"52.246490887,36.108499746",county,34
1403,آوا,"56.736721441,37.478045855",city,19
1026,آواجیق,"44.154032731,39.331041235",city,2
298,آوج,"49.228638224,35.672321138",county,25
1820,آوه,"50.418299088,34.797390763",city,35
1210,آیسک,"58.382047199,33.884064593",city,17
457,ابرکوه,"53.380823942,31.097091597",county,38
820,ابریشم,"51.576099175,32.56947567",city,4
219,ابهر,"49.133560463,36.165621338",county,21
1319,ابوحمیظه,"48.218696075,31.5268775",city,20
1622,ابوزیدآباد,"51.765846095,33.907921011",city,4
434,ابوموسی,"54.750581895,26.120667183",county,36
1315,احمد سر گوراب,"49.366132123,37.136553774",city,32
888,احمدآباد,"53.988856712,32.357335827",city,38
989,احمدآبادصولت,"60.693619347,35.116414932",city,18
831,اختیارآباد,"56.919078088,30.328310302",city,28
1346,ادیمی,"61.416070089,31.105410638",city,23
423,اراک,"49.799419792,34.149858766",county,35
485,اربطان,"46.937640831,38.174287542",city,1
1532,ارجمند,"52.512608796,35.818647953",city,8
858,ارد,"53.625086533,27.729557723",city,24
722,ارداق,"49.826518053,36.05326366",city,25
41,اردبیل,"48.285444109,38.251972822",county,3
53,اردستان,"52.542695561,33.563597987",county,4
458,اردکان,"54.765499861,32.606939201",county,38
1598,اردکان,"51.992826465,30.245021249",city,24
129,اردل,"50.462130937,31.92047173",county,16
1433,اردیموسی,"48.133898934,38.199334749",city,3
314,ارزوئیه,"56.525795813,28.440818963",county,28
557,ارسک,"57.374988726,33.700633147",city,17
261,ارسنجان,"53.392719631,29.841593735",county,24
606,ارطه,"52.944528489,36.494945297",city,34
1780,ارکواز,"46.595923182,33.384347209",city,6
647,ارمغانخانه,"48.361649783,36.973261193",city,21
22,ارومیه,"45.023454661,37.632378089",county,2
1014,اروندکنار,"48.527100842,29.983539142",city,20
773,ازگله,"45.84190222,34.832794669",city,29
389,ازنا,"49.428989731,33.503029717",county,33
954,ازندریان,"48.693943589,34.50325611",city,37
1795,اژیه,"52.374587594,32.440200538",city,4
1772,اسالم,"48.969293471,37.703873144",city,32
499,اسپکه,"60.172115172,26.836848673",city,23
262,استهبان,"54.018407939,29.139061047",county,24
1186,اسحق آباد,"59.006555765,36.031111935",city,18
447,اسدآباد,"48.025287901,34.783734194",county,37
1023,اسدیه,"60.027547681,32.909016761",city,17
537,اسفدن,"59.782329114,33.63984325",city,17
183,اسفراین,"57.544673859,36.963619807",county,19
717,اسفرورین,"49.736613836,35.938399229",city,25
13135,اسفندک,"56.47,32.01",city,23
18738,اسفهلان,"56.47,32.01",city,1
2,اسکو,"45.826980899,37.873798531",county,1
1293,اسلام آباد,"47.696890346,39.559131081",city,3
337,اسلام آباد غرب,"46.679422621,34.023136257",county,29
118,اسلامشهر,"51.246992418,35.584707237",county,8
1563,اسلامشهر آق گل,"48.988922761,34.560358333",city,37
536,اسلامیه,"58.217650382,34.041154899",city,17
12865,اسماعیل آباد,"56.47,32.01",city,23
846,اسیر,"52.671780834,27.726920878",city,24
1336,اشتر جان,"51.469341756,32.480820226",city,4
652,اشترینان,"48.641485174,34.013552588",city,33
79,اشتهارد,"50.423029762,35.713903737",county,5
459,اشکذر,"54.043853413,31.982404979",county,38
1666,اشکنان,"53.611468006,27.2268839",city,24
23,اشنویه,"45.073017644,37.072603271",county,2
1025,اصغرآباد,"51.479544082,32.66148556",city,4
54,اصفهان,"52.438532215,32.2443068",county,4
42,اصلاندوز,"47.551182627,39.361435888",county,3
811,اطاقور,"50.114515616,37.109778844",city,32
1071,افزر,"52.964907148,28.346841432",city,24
961,افوس,"50.089138696,33.021099481",city,4
1357,اقبالیه,"49.921871842,36.229067706",city,25
263,اقلید,"52.472495042,30.675555269",county,24
1150,اکبرآباد,"56.47,32.01",city,24
299,البرز,"50.185496054,36.224910266",county,25
1000,الشتر,"48.263783311,33.865127817",city,33
18843,القجر,"56.47,32.01",city,31
1126,الهائی,"48.589206661,31.656181338",city,20
1274,الوان,"48.347375493,31.875617435",city,20
1722,الوند,"50.059113454,36.186073671",city,25
390,الیگودرز,"49.414643573,33.126511807",county,33
1052,امام حسن,"50.267987023,29.838910178",city,7
895,امام زاده عبدالله,"52.305298061,36.410150972",city,34
725,امام شهر,"53.154083094,28.448928469",city,24
375,املش,"50.144446895,36.970205221",county,32
193,امیدیه,"49.698518393,30.761202779",county,20
927,امیرکلا,"52.665004422,36.599759744",city,34
1719,امیریه,"54.139233404,36.027978533",city,22
915,امین شهر,"55.341052066,30.842968177",city,28
922,انابد,"57.809553279,35.250583784",city,18
315,انار,"55.294462996,30.841999598",county,28
1876,انارستان,"52.073292044,28.031926296",city,7
1434,انارک,"53.694616882,33.308293646",city,4
1492,انبار آلوم,"54.618881169,37.134978149",city,31
1815,اندوهجرد,"57.754198655,30.251119504",city,28
194,اندیکا,"49.538402147,32.305708134",county,20
195,اندیمشک,"48.329251677,32.701327717",county,20
1190,انگوت,"56.47,32.01",county,3
3,اهر,"47.147440932,38.508886495",county,1
1534,اهرم,"51.276356011,28.886937268",city,7
1873,اهل,"53.660250651,27.209737981",city,24
196,اهواز,"48.750904049,31.222671934",county,20
615,اورامان تخت,"46.26445279,35.253334848",city,27
264,اوز,"53.882239981,27.869744023",county,24
1679,اولتان,"56.47,32.01",city,3
1827,ایج,"54.243689413,29.022113053",city,24
220,ایجرود,"48.19240678,36.340602644",county,21
197,ایذه,"49.987700277,31.861323342",county,20
235,ایرانشهر,"60.233593693,27.739179584",county,23
988,ایزدخواست,"52.126666048,31.518418448",city,24
567,ایزدشهر,"52.144831505,36.600924228",city,34
87,ایلام,"46.375440041,33.550349915",county,6
807,ایلخچی,"45.977513187,37.93746582",city,1
1850,اینچه برون,"54.717592843,37.4534319",city,31
88,ایوان,"46.167594716,33.883729274",county,6
908,ایوانکی,"52.066356037,35.345408347",city,22
993,ایواوغلی,"45.208933669,38.716797437",city,2
1642,ایور,"56.26072346,36.969013233",city,19
1265,باب انار,"53.199396657,28.969364842",city,24
1838,باباحیدر,"50.470667278,32.329478826",city,16
1595,بابارشانی,"47.797862414,35.679048797",city,27
1602,بابامنیر,"51.203111067,30.072811488",city,24
754,بابکان,"52.456091286,36.453043326",city,34
401,بابل,"52.624019209,36.298467768",county,34
402,بابلسر,"52.693634919,36.664967818",county,34
1688,باجگیران,"58.41911372,37.622030393",city,18
150,باخرز,"60.296908927,35.049028044",county,18
554,بادرود,"51.98944595,33.683341523",city,4
1471,بادوله,"51.504860798,28.390767956",city,7
870,بار,"58.715964362,36.491653039",city,18
24,باروق,"56.47,32.01",county,2
1359,بازار جمعه,"49.121159963,37.407365071",city,32
550,بازرگان,"44.386309337,39.389719666",city,2
698,بازفت,"50.047257392,32.205623724",city,16
1285,باسمنج,"46.473646537,37.992414089",city,1
351,باشت,"51.074616682,30.461316002",county,30
711,باغ بهادران,"51.192238414,32.37819088",city,4
12952,باغ صفا,"56.47,32.01",city,24
198,باغ ملک,"49.920675015,31.476034576",county,20
700,باغستان,"58.291114775,34.102019899",city,17
1611,باغستان,"51.148539782,35.623983463",city,8
645,باغشاد,"51.231907699,32.379616167",city,4
1487,باغین,"56.81467847,30.191982868",city,28
316,بافت,"56.482463649,29.021961214",county,28
1804,بافران,"53.141847316,32.838310751",city,4
460,بافق,"55.420778989,31.658691414",county,38
1665,باقر شهر,"51.400249458,35.534687418",city,8
1647,بالاده,"51.938259677,29.286747365",city,24
1386,بالاشهر,"57.353810372,27.213855649",city,36
1193,بام و صفی آباد,"56.47,32.01",county,19
1639,بان وره,"46.360530855,34.969993515",city,29
304,بانه,"45.846984605,35.985147008",county,27
657,باوج,"49.911982647,31.147895177",city,20
199,باوی,"48.962682595,31.516510259",county,20
1156,بایک,"59.038380315,35.375808427",city,18
1682,باینگان,"46.27211761,34.980166566",city,29
151,بجستان,"58.159357265,34.597152262",county,18
184,بجنورد,"57.360003371,37.563404858",county,19
574,بخ,"54.085151508,31.307494348",city,38
265,بختگان,"53.859693913,29.609158622",county,24
682,بخشایش,"46.941442109,38.134035009",city,1
89,بدره,"47.025534729,33.314364829",county,6
767,برازجان,"51.217968622,29.268284802",city,7
12955,بران علیا,"56.47,32.01",city,3
55,برخوار,"51.773465019,33.006062683",county,4
12793,برخوردار,"56.47,32.01",city,33
515,بردخون,"51.475257781,28.061119913",city,7
987,بردستان,"51.959227176,27.869969267",city,7
152,بردسکن,"57.355825335,35.173057664",county,18
317,بردسیر,"56.681201694,29.789213393",county,28
1704,برده رشه,"46.091629703,35.594573774",city,27
1153,برزک,"51.226867479,33.782424889",city,4
878,برزول,"48.262703301,34.213763054",city,37
1031,برف انبار,"50.195884388,33.003306102",city,4
1226,بره سر,"49.756521945,36.773385833",city,32
1154,بروات,"58.423765994,29.062385666",city,28
391,بروجرد,"48.754706097,33.888305102",county,33
130,بروجن,"51.168319384,31.887282605",county,16
8755,بریس,"56.47,32.01",city,23
659,بزمان,"60.176046914,27.858465099",city,23
508,بزنجان,"56.694850263,29.25364751",city,28
991,بستان,"47.990266601,31.716600828",city,20
4,بستان آباد,"46.817824529,37.807038323",county,1
435,بستک,"54.493123633,27.202614268",county,36
555,بسطام,"54.99806007,36.483312477",city,22
436,بشاگرد,"58.140750034,26.428466616",county,36
139,بشرویه,"57.476731252,34.141142402",county,17
655,بفروئیه,"53.985885242,32.277291124",city,38
1301,بکتاش,"46.014869629,37.07892915",city,2
923,بلاوه,"46.804251786,33.666915349",city,6
1198,بلبان آباد,"47.319824477,35.139925396",city,27
1546,بلداجی,"51.055165903,31.940198995",city,16
1630,بلده,"51.807849325,36.199262929",city,34
810,بلورد,"56.044892096,29.421271889",city,28
1143,بلوک,"57.515636924,28.232035988",city,28
318,بم,"58.213172681,29.066881438",county,28
236,بمپور,"60.25329333,27.165690811",county,23
131,بن,"50.638225036,32.582365297",county,16
5,بناب,"45.98655815,37.314072549",county,1
1828,بناب مرند,"45.905890785,38.426932718",city,1
576,بنارویه,"54.046385537,28.083798158",city,24
1496,بنت,"59.524863185,26.294213868",city,23
748,بنجار,"61.567279839,31.041222218",city,23
376,بندر انزلی,"49.400307447,37.463231538",county,32
1049,بندر دیلم,"50.163721046,30.0558736",city,7
804,بندر ریگ,"50.631134171,29.484196384",city,7
684,بندرامام خمینی,"49.049520633,30.559025159",city,20
1502,بندرترکمن,"54.07368449,36.903830043",city,31
749,بندرجاسک,"57.79754534,25.660567761",city,36
532,بندردیر,"51.93478435,27.841470322",city,7
437,بندرعباس,"56.237962457,27.529964952",county,36
1227,بندرکنگان,"52.06558355,27.839172768",city,7
361,بندرگز,"53.95930091,36.728999713",county,31
1208,بندرگناوه,"50.52604342,29.582017703",city,7
438,بندرلنگه,"54.598444957,26.840042407",county,36
200,بندرماهشهر,"49.211459622,30.518012427",county,20
1626,بندزرک,"56.981287075,27.065606809",city,36
530,بنک,"52.031733494,27.87094391",city,7
461,بهاباد,"56.142875486,32.017619747",county,38
448,بهار,"48.371201272,34.991335022",county,37
1028,بهاران شهر,"51.549927249,32.523376086",city,4
119,بهارستان,"51.162861184,35.524855896",county,8
1095,بهارستان,"51.774934418,32.490226583",city,4
1832,بهارستان,"52.357194657,27.827146151",city,7
201,بهبهان,"50.215393983,30.523296356",county,20
1429,بهرمان,"55.720463746,30.900414651",city,28
403,بهشهر,"53.700590984,36.647920998",county,34
352,بهمئی,"50.118856311,31.012517033",county,30
1689,بهمن,"52.483331713,31.196172328",city,24
1152,بهنمیر,"52.761282555,36.666067588",city,34
300,بوئین زهرا,"49.954425442,35.792967478",county,25
1474,بوئین سفلی,"45.934979252,35.937048753",city,27
56,بوئین میاندشت,"50.090423337,33.155448734",county,4
266,بوانات,"53.641345806,30.474248617",county,24
504,بوستان,"51.201158156,30.323619155",city,30
1579,بوستان,"56.47,32.01",city,4
1195,بوشکان,"51.698946826,28.831519603",city,7
96,بوشهر,"50.933004215,29.075817051",county,7
25,بوکان,"46.132131307,36.53907426",county,2
1530,بومهن,"51.860911184,35.72811875",city,8
353,بویراحمد,"51.35708342,30.724051747",county,30
812,بیارجمند,"55.807263682,36.080630105",city,22
305,بیجار,"47.64124839,35.930445429",county,27
727,بید خون,"56.47,32.01",city,7
1358,بیدخت,"58.759291539,34.346301051",city,18
1660,بیدروبه,"48.242383263,32.753017158",city,20
843,بیدستان,"50.121836036,36.230635265",city,25
1203,بیده,"51.653206368,30.948758312",city,4
1240,بیران شهر,"48.559394763,33.650234061",city,33
140,بیرجند,"59.261474555,33.064785215",county,17
1650,بیرم,"53.515751468,27.435135892",city,24
1422,بیستون,"47.437136655,34.386864434",city,29
267,بیضا,"52.393989802,30.012466811",county,24
510,بیکاه,"57.178563704,27.352497416",city,36
43,بیله سوار,"47.975484655,39.340997477",county,3
1753,پاتاوه,"51.266265634,30.95452538",city,30
44,پارس آباد,"47.873454041,39.555745594",county,3
439,پارسیان,"53.2772373,27.144060239",county,36
1067,پارود,"61.28963189,26.370906576",city,23
1812,پاریز,"55.748288415,29.873025818",city,28
268,پاسارگاد,"53.151065665,30.13911644",county,24
1813,پاسخن,"54.321495572,28.790175245",city,24
120,پاکدشت,"51.781352949,35.461107676",county,8
1764,پالیز,"48.085992663,34.731970069",city,37
338,پاوه,"46.285946412,35.063091317",county,29
786,پایین هولار,"53.136932101,36.426785923",city,34
1221,پردنجان,"50.598031317,32.252010741",city,16
113,پردیس,"51.791764612,35.698948329",county,8
673,پرندک,"50.680623596,35.365193674",city,35
1273,پره سر,"49.068741561,37.600595161",city,32
1627,پل,"55.745719223,27.013147282",city,36
1674,پل سفید,"53.052993173,36.119235612",city,34
12864,پلان,"56.47,32.01",city,23
392,پلدختر,"47.962738761,33.135530835",county,33
26,پلدشت,"45.110248801,39.187128967",county,2
1192,پلنگ آباد,"50.622654316,35.734447809",city,5
570,پهله,"46.883886044,33.010525452",city,6
1174,پول,"51.592458895,36.394929954",city,34
27,پیرانشهر,"45.222266737,36.684567418",county,2
1008,پیربازار,"49.545864438,37.342159863",city,32
1131,پیربکران,"51.554107454,32.473996835",city,4
1235,پیرتاج,"48.121373763,35.770322255",city,27
780,پیش قلعه,"56.999135979,37.650164535",city,19
18832,پیش قلعه(جدید),"56.47,32.01",city,19
121,پیشوا,"51.749135589,35.329564954",county,8
1033,پیشین,"61.744504901,26.085063459",city,23
1671,تاتارعلیا,"55.061370392,37.100083643",city,31
1089,تازه آباد,"46.151957597,34.7369566",city,29
520,تازه شهر,"44.691921238,38.174483912",city,2
1612,تازه کندانگوت,"56.47,32.01",city,3
816,تازیان پایین,"56.156906825,27.288304494",city,36
301,تاکستان,"49.541351158,36.013268937",county,25
154,تایباد,"60.697203487,34.751649554",county,18
6,تبریز,"46.294105958,38.069384759",county,1
1776,تجریش,"56.47,32.01",city,8
1466,تخت,"56.638841833,27.502993903",city,36
741,تخت سلیمان,"47.217137799,36.610221145",city,2
155,تربت جام,"60.621591771,35.329753099",county,18
156,تربت حیدریه,"59.120457841,35.484069354",county,18
1016,ترک,"47.773494126,37.620254675",city,1
1405,ترکالکی,"48.852029139,32.246131118",city,20
1597,ترکمانچای,"47.388803286,37.582414593",city,1
362,ترکمن,"54.163458433,36.91967569",county,31
1519,تسوج,"45.362257808,38.312946138",city,1
1857,تشان,"50.198721429,30.832880641",city,20
462,تفت,"53.830280736,31.448661007",county,38
237,تفتان,"60.599074555,28.410776414",county,23
424,تفرش,"49.86899654,34.818808319",county,35
28,تکاب,"47.144141955,36.516360913",county,2
687,تلخاب,"49.648331211,34.707760074",city,35
404,تنکابن,"50.821460937,36.615626118",county,34
765,تنکمان,"50.612688675,35.889835988",city,5
1785,تنگ ارم,"51.532187636,29.152565888",city,7
97,تنگستان,"51.251665144,28.811856349",county,7
106,تهران,"51.393044919,35.741052615",county,8
952,توپ آغاج,"47.824160381,36.048445229",city,27
1528,توتکابن,"49.529024179,36.89216402",city,32
1007,توحید,"47.053219837,33.730975956",city,6
643,تودشک,"52.665280446,32.716725287",city,4
1135,توره,"49.28905784,34.044063627",city,35
449,تویسرکان,"48.340341722,34.542751043",county,37
1222,تیتکانلو,"58.28841643,37.281696721",city,19
1730,تیران,"51.152635559,32.699634726",city,4
57,تیران و کرون,"50.959953407,32.784399462",county,4
1529,تیرور,"56.948916246,27.331849068",city,36
473,تیکمه داش,"46.950530299,37.734648426",city,1
1021,تیمورلو,"45.898628971,37.806717904",city,1
339,ثلاث باباجانی,"46.054166576,34.79209384",county,29
1728,ثمرین,"48.136293951,38.357353095",city,3
185,جاجرم,"56.658924293,37.031929109",county,19
1265,جازموریان,"56.47,32.01",county,28
440,جاسک,"58.281814606,25.863464984",county,36
974,جالق,"62.706068802,27.599823653",city,23
872,جاورسیان,"49.325889507,34.256971336",city,35
610,جایزان,"49.850596024,30.8723315",city,20
1683,جبالبارز,"57.884035398,28.903955911",city,28
58,جرقویه,"56.47,32.01",county,4
1165,جزینک,"61.566848074,30.891460817",city,23
1633,جعفر آباد,"56.47,32.01",city,3
1195,جعفرآباد,"56.47,32.01",county,26
669,جعفرآباد,"46.538838283,33.504305792",city,6
628,جعفریه,"50.518638974,34.771495077",city,26
157,جغتای,"56.987730795,36.686539542",county,18
7,جلفا,"45.878627852,38.837430348",county,1
12956,جلیل آباد,"56.47,32.01",city,8
894,جلین,"54.53601375,36.851687404",city,31
98,جم,"52.193842837,27.961178759",county,7
496,جناح,"54.287598405,27.020138848",city,36
1863,جنت آباد,"61.140228657,35.598704176",city,18
1010,جنت شهر,"54.687714269,28.654176236",city,24
1493,جنت مکان,"48.817752356,32.186182743",city,20
1544,جندق,"54.411869012,34.040199644",city,4
1367,جندی شاپور,"48.518093652,32.301317564",city,20
841,جنگل,"59.223287171,34.701937465",city,18
269,جهرم,"53.428475564,28.592937512",county,24
904,جواد آباد,"51.676913788,35.208568507",city,8
1486,جوادیه الهیه,"55.566272524,31.009464939",city,28
1141,جوان قلعه,"45.96885516,37.497283165",city,1
340,جوانرود,"46.297650221,34.857997299",county,29
1849,جوپار,"56.47,32.01",city,28
1373,جورقان,"48.550403309,34.88452111",city,37
639,جوزدان,"51.36931896,32.555942578",city,4
1320,جوزم,"55.035996197,30.521679773",city,28
766,جوشقان قالی,"51.200539058,33.577853671",city,4
1835,جوکار,"48.686977478,34.429540833",city,37
18643,جولکی,"56.47,32.01",city,20
826,جونقان,"50.684758635,32.152341351",city,16
405,جویبار,"52.903812812,36.671490844",county,34
270,جویم,"56.47,32.01",county,24
158,جوین,"57.467995027,36.612302508",county,18
319,جیرفت,"57.505690892,28.773337032",county,28
1725,جیرنده,"49.789764582,36.701136146",city,32
619,چابکسر,"50.560330354,36.977174004",city,32
238,چابهار,"60.878628547,25.520729693",county,23
1369,چاپشلو,"59.07758413,37.351115734",city,18
59,چادگان,"50.536613019,32.745543968",county,4
8,چاراویماق,"47.114645153,37.07040499",county,1
710,چارک,"54.271759778,26.731452435",city,36
1310,چاف وچمخاله,"50.207174837,37.208475411",city,32
1564,چالانچولان,"48.906268714,33.665976255",city,33
29,چالدران,"44.37453661,39.100643866",county,2
406,چالوس,"51.255481748,36.406757875",county,34
8779,چانف,"56.47,32.01",city,23
1747,چاه دادخدا,"58.263722321,27.284255573",city,28
1677,چاه مبارک,"52.791786403,27.367630842",city,7
814,چاه مرید,"57.553442882,27.941223794",city,28
1824,چاه ورز,"53.439246276,27.430575525",city,24
30,چایپاره,"44.999604831,38.882982326",county,2
768,چترود,"56.912201128,30.600587554",city,28
1258,چخماق,"59.8315453,35.273515365",city,18
354,چرام,"50.865325105,30.775698141",county,30
90,چرداول,"46.670096716,33.753179461",county,6
1698,چرمهین,"51.205564023,32.342028845",city,4
851,چشمه شیرین,"47.159115627,33.2738624",city,6
641,چغادک,"51.025501626,28.979195668",city,7
1046,چغامیش,"48.549826134,32.210018936",city,20
1370,چقابل,"47.506915904,33.283093549",city,33
805,چکنه,"58.506267669,36.815077927",city,18
12866,چگرد,"56.47,32.01",city,23
393,چگنی,"47.929471093,33.612913583",county,33
1377,چلگرد,"50.130289718,32.463248405",city,16
1497,چلیچه,"50.628889683,32.230806445",city,16
1581,چم پلک,"47.792317066,33.704963641",city,33
1605,چم گلک,"48.433270827,32.441484914",city,20
1616,چمران,"49.172350409,30.710113419",city,20
1278,چمستان,"52.119425777,36.4859071",city,34
1499,چمگردان,"51.343580463,32.394246827",city,4
660,چمن سلطان,"49.892502039,33.286368718",city,33
1406,چنار,"56.47,32.01",city,18
159,چناران,"59.018205356,36.803073103",county,18
879,چناران شهر,"57.540145387,37.401280037",city,19
838,چناره,"46.303640325,35.632697983",city,27
80,چهار باغ,"50.768790348,35.826913879",county,5
31,چهاربرج,"56.47,32.01",county,2
1218,چهاردانگه,"51.314282714,35.597539769",city,8
566,چوئبده,"48.562461685,30.201429945",city,20
1184,چوار,"56.47,32.01",county,6
1056,چوبر,"48.893135541,38.180178069",city,32
543,چورزق,"48.778745121,36.994791401",city,21
1172,چیتاب,"51.325322184,30.794589109",city,30
441,حاجی آباد,"56.052307142,28.247448181",county,36
1646,حاجی آباد,"59.99538279,33.600746058",city,17
788,حاجی آباد,"54.420488508,28.35593065",city,24
634,حاجیلار,"45.094310278,38.865995605",city,2
709,حبیب آباد,"51.779894059,32.832106857",city,4
829,حر,"48.388621217,32.14384691",city,20
1294,حسامی,"53.867967218,29.971880028",city,24
1565,حسن آباد,"52.455259239,30.519494598",city,24
1852,حسن آباد,"52.627212351,32.135860084",city,4
760,حسن آباد,"51.24121253,35.372788089",city,8
1705,حسین آباد,"47.11575368,35.547151137",city,27
1299,حسینیه,"48.246378658,32.679534348",city,20
969,حصار گرمخان,"57.487420679,37.514050171",city,19
1012,حکم آباد,"57.597851396,36.628746578",city,18
1659,حلب,"48.064033637,36.296567265",city,21
1324,حمزه,"48.584397715,32.396777842",city,20
1117,حمیدیا,"54.397488604,31.818453253",city,38
202,حمیدیه,"48.446881608,31.492964081",county,20
802,حمیل,"46.773488021,33.937052811",city,29
1702,حنا,"51.728337057,31.194800117",city,4
522,حور پاسفید,"56.47,32.01",city,28
1124,حویق,"48.893222505,38.144870145",city,32
463,خاتم,"54.23971851,30.35663855",county,38
1001,خاتون آباد,"55.418191972,30.011175371",city,28
1740,خارک,"50.319804992,29.249012504",city,7
1575,خاروانا,"46.178567827,38.691311056",city,1
239,خاش,"61.412530681,28.129821257",county,23
1807,خاکعلی,"50.176216429,36.130080779",city,25
626,خالدآ باد,"51.978954291,33.704055483",city,4
1331,خامنه,"45.632120767,38.186615706",city,1
1713,خان ببین,"54.988181164,37.010992552",city,31
1325,خانلق,"56.47,32.01",city,19
132,خانمیرزا,"50.984012571,31.577534022",county,16
1843,خانه زنیان,"52.150225226,29.672183903",city,24
897,خانوک,"56.77266252,30.713626109",city,28
1365,خانیمن,"52.243588461,30.349757989",city,24
1125,خاوران,"53.326227761,28.932814381",city,24
9,خدا آفرین,"46.960308307,39.070628876",county,1
221,خدابنده,"48.471049489,35.992283854",county,21
1535,خداجو,"46.528385393,37.305495312",city,1
271,خرامه,"53.267195811,29.507810937",county,24
1415,خرانق,"54.664125571,32.342433572",city,38
394,خرم آباد,"48.569658121,33.38556173",county,33
1504,خرم آباد,"50.868784924,36.78073914",city,34
272,خرم بید,"53.136533975,30.571324911",county,24
222,خرمدره,"49.152850073,36.26195831",county,21
1724,خرمدشت,"49.499459535,35.929439273",city,25
203,خرمشهر,"48.213593519,30.692781129",county,20
712,خرو,"59.028662332,36.155549591",city,18
902,خسرو آباد,"56.47,32.01",city,8
1409,خسروشاه,"46.044436044,37.959087426",city,1
1643,خشت,"51.347622693,29.588246825",city,24
728,خشکبیجار,"49.759606437,37.374572573",city,32
1256,خشکرود,"50.338512489,35.398729767",city,35
860,خضرآباد,"53.954695599,31.870310055",city,38
720,خضری دشت بیاض,"58.814626225,34.021953171",city,17
273,خفر,"53.166940975,28.930301889",county,24
45,خلخال,"48.539279191,37.423034478",county,3
943,خلیفان,"45.797116458,36.508447498",city,2
160,خلیل آباد,"58.199905507,35.138381214",county,18
1464,خلیل شهر,"53.641881734,36.702891735",city,34
1837,خمارلو,"47.02247475,39.156788131",city,1
1182,خمام,"56.47,32.01",county,32
442,خمیر,"55.518788746,27.276724108",county,36
425,خمین,"49.985274726,33.663704",county,35
60,خمینی شهر,"51.514475922,32.683792073",county,4
1576,خنافره,"48.639659949,30.634629081",city,20
274,خنج,"53.065758023,27.965582937",county,24
679,خنجین,"49.53123784,34.755266666",city,35
426,خنداب,"49.217627185,34.346980844",county,35
1774,خواجه,"46.598506642,38.160053426",city,1
605,خواجوشهر,"55.833906728,29.272045214",city,28
161,خواف,"60.02271461,34.401149167",county,18
61,خوانسار,"50.376222191,33.256597077",county,4
1533,خور,"54.343883381,27.642947715",city,24
1522,خور,"55.089148595,33.769288486",city,4
62,خور و بیابانک,"54.92941643,33.794859739",county,4
1608,خورزوق,"51.64859137,32.779886085",city,4
1739,خورسند,"55.079364483,30.163326972",city,28
577,خورموج,"51.383116555,28.649558245",city,7
1846,خوزی,"52.968086868,27.444933516",city,24
141,خوسف,"58.631319723,32.329424363",county,17
162,خوشاب,"58.003295834,36.50491701",county,18
985,خوشرودپی,"52.566223215,36.376253908",city,34
912,خوشه مهر,"46.13967975,37.311393124",city,1
791,خومه زار,"51.574948283,30.010505831",city,24
32,خوی,"44.770334864,38.605734392",county,2
928,خیراباد,"53.075276795,29.565708237",city,24
782,خیرگو,"53.251952943,27.515911983",city,24
1189,دابودشت,"52.447649869,36.478686615",city,34
275,داراب,"54.895602808,28.534588866",county,24
1074,داران,"50.407232885,32.989334643",city,4
651,دارخوین,"48.43091704,30.74966709",city,20
1361,داریان,"52.925689587,29.562633524",city,24
1002,داریان,"45.62730658,38.216242576",city,1
341,دالاهو,"46.249868243,34.408002237",county,29
12953,دالخانی,"56.47,32.01",city,34
1389,دالکی,"51.291676702,29.430205543",city,7
228,دامغان,"54.354339979,35.549960172",county,22
1085,دامنه,"50.48621149,33.01903089",city,4
585,دانسفهان,"49.742811713,35.812706101",city,25
789,داودآباد,"49.852720218,34.290000059",city,35
163,داورزن,"57.069840857,36.288282495",county,18
1168,دبیران,"54.185766921,28.40437851",city,24
945,درب بهشت,"57.337906511,29.235054082",city,28
1550,درب گنبد,"47.146977153,33.691648033",city,33
1488,درجزین,"53.335209927,35.646592814",city,22
688,درچه,"51.549147239,32.610540553",city,4
1806,درح,"60.4988136,32.285604123",city,17
803,درق,"56.211699961,36.972936129",city,19
164,درگز,"59.008891226,37.370433204",county,18
450,درگزین,"49.224382805,35.347235053",county,37
1624,درگهان,"56.06537191,26.958237252",city,36
142,درمیان,"60.128485431,32.948160625",county,17
91,دره شهر,"47.575316009,33.021391663",county,6
1796,درود,"59.117745087,36.138717357",city,18
1189,دزپارت,"56.47,32.01",county,20
1700,دزج,"47.968958689,35.06184264",city,27
204,دزفول,"48.848279962,32.576556987",county,20
1123,دژکرد,"51.960679726,30.716165898",city,24
561,دستجرد,"50.246151698,34.549358135",city,26
635,دستگرد,"51.665492889,32.803878041",city,4
809,دستناء,"50.769941877,32.057714109",city,16
205,دشت آزادگان,"48.096955524,31.69253853",county,20
18775,دشت عباس,"56.47,32.01",city,6
99,دشتستان,"51.348583362,29.247140951",county,7
743,دشتک,"50.455810089,32.162083032",city,16
828,دشتکار,"56.662247844,29.90639471",city,28
100,دشتی,"51.636061328,28.4427246",county,7
1196,دشتی,"53.004151877,27.180454762",city,36
240,دشتیاری,"56.47,32.01",county,23
1717,دلبران,"47.985382676,35.246059359",city,27
395,دلفان,"47.845609967,34.067687749",county,33
241,دلگان,"59.337880729,27.403382947",county,23
1162,دلگشا,"46.593855966,33.406155768",city,6
1407,دلند,"55.050054358,37.034156236",city,31
1791,دلوار,"51.066639744,28.759643103",city,7
427,دلیجان,"50.751062813,34.008485112",county,35
115,دماوند,"52.177190182,35.620139623",county,8
1709,دمق,"48.82188971,35.442534878",city,37
355,دنا,"51.25065011,31.028394942",county,30
1786,دندی,"47.626819744,36.554429833",city,21
1784,ده رئیس,"61.030323651,27.674083286",city,23
63,دهاقان,"51.61648665,31.991842541",county,4
1134,دهبارز,"57.195398792,27.441719017",city,36
534,دهج,"54.880240192,30.691966453",city,28
564,دهدز,"50.290477573,31.709361204",city,20
905,دهدشت,"50.573757349,30.794808177",city,30
644,دهرم,"52.305174808,28.491042081",city,24
1818,دهسرخ,"51.664835641,32.409837167",city,4
1444,دهق,"50.961553524,33.097281117",city,4
762,دهکهان,"57.524536192,27.692644783",city,28
1797,دهکویه,"54.419485422,27.855867545",city,24
306,دهگلان,"47.353260511,35.328122696",county,27
92,دهلران,"47.285616415,32.659906284",county,6
1087,دهنو اسلام اباد,"59.11980786,28.790917339",city,28
631,دوبرجی,"55.193167231,28.308767765",city,24
1568,دوراهک,"51.960252508,27.949426521",city,7
396,دورود,"49.069994831,33.51770221",county,33
541,دوزدوزان,"47.12357094,37.948925921",city,1
678,دوزه,"52.955496185,28.700786874",city,24
990,دوزین,"55.579009804,37.127431632",city,31
892,دوساری,"57.933041949,28.42787807",city,28
1714,دوست محمد,"61.793034969,31.13959054",city,23
622,دوگنبدان,"50.787193425,30.362179811",city,30
1343,دولت آباد,"51.690410435,32.796414185",city,4
1077,دولت آباد,"59.523257149,35.286370243",city,18
891,دیباج,"54.22769713,36.429044003",city,22
101,دیر,"51.686032637,28.017608473",county,7
1356,دیزج حسین بیگ,"56.47,32.01",city,1
653,دیزج دیز,"45.025667291,38.46179236",city,2
808,دیزیچه,"51.518434915,32.390744335",city,4
1053,دیشموک,"50.400946905,31.298848214",city,30
102,دیلم,"50.347642741,30.025212568",county,7
783,دیلمان,"49.908245885,36.896319867",city,32
1735,دیهوک,"57.520402443,33.284650839",city,17
307,دیواندره,"46.947401861,35.951180364",county,27
320,رابر,"57.003117344,29.231731599",county,28
1345,رادکان,"59.010592592,36.801610336",city,18
1298,راز,"57.109288283,37.9356143",city,19
186,راز و جرگلان,"56.909662903,38.088850943",county,19
982,رازقان,"49.959198835,35.33305689",city,35
1060,رازمیان,"50.21033875,36.540882857",city,25
242,راسک,"61.672399008,26.272060032",county,23
1353,رامجرد,"52.592953325,30.075139577",city,24
407,رامسر,"50.538003457,36.764136982",county,34
206,رامشیر,"49.389658623,30.95075146",county,20
207,رامهرمز,"49.659260307,31.213413812",county,20
363,رامیان,"55.091021195,36.959993826",county,31
1029,رانکوه,"50.237465079,37.053912734",city,32
321,راور,"57.1377497,31.327947242",county,28
1214,راین,"57.432887387,29.594653495",city,28
497,رباط,"46.805675352,34.269328504",city,29
1332,رباط سنگ,"59.19694742,35.548587303",city,18
123,رباط کریم,"51.049538049,35.492221114",county,8
1450,ربط,"45.546198127,36.205167254",city,2
528,رحمت آباد,"56.47,32.01",city,24
1695,رحمت آباد,"59.061467634,28.641079634",city,28
1712,رحیم آباد,"50.3339358,37.030011685",city,32
451,رزن,"48.858802347,35.473464264",county,37
1841,رزوه,"50.568473467,32.836133645",city,4
474,رستاق,"55.07528003,28.447375655",city,24
276,رستم,"51.369178086,30.401359341",county,24
903,رستم آباد,"49.493763013,36.898476053",city,32
735,رستمکلا,"53.425325302,36.679150281",city,34
377,رشت,"49.676291961,37.252120592",county,32
165,رشتخوار,"59.437549088,34.871340716",county,18
772,رضوان,"55.795573916,37.185312685",city,22
378,رضوانشهر,"48.955671047,37.532393923",county,32
778,رضوانشهر,"51.11090531,32.703056701",city,4
755,رضویه,"59.768653076,36.20934829",city,18
609,رضی,"48.099023013,38.629796967",city,3
322,رفسنجان,"55.896339562,30.527445698",county,28
1321,رفیع,"47.89194397,31.596984527",city,20
517,رمشک,"58.801499436,26.829952259",city,28
867,رمکان,"56.47,32.01",city,36
342,روانسر,"46.604019543,34.724603957",county,29
1540,رود زرد ماشین,"49.722528463,31.369535432",city,20
1248,روداب,"57.313794284,36.020222395",city,18
443,رودان,"57.170207155,27.590649183",county,36
379,رودبار,"49.623884767,36.795902987",county,32
1081,رودبار,"57.990071118,28.035168644",city,28
323,رودبارجنوب,"58.450091231,27.868528982",county,28
737,رودبنه,"49.999298181,37.257372248",city,32
380,رودسر,"50.322597402,36.885153048",county,32
1765,رودهن,"51.918072658,35.731817482",city,8
1547,روشناوند,"58.910834706,34.465395704",city,18
397,رومشکان,"47.39819127,33.274119713",county,33
913,رونیز,"53.768563645,29.186936848",city,24
1604,رویان,"51.970416969,36.568925133",city,34
1027,رویان,"56.47,32.01",city,22
1485,رویدر,"55.41741754,27.465516117",city,36
124,ری,"51.297942018,35.35193148",county,8
1767,ریجاب,"45.987582591,34.470978552",city,29
1334,ریحان,"56.725785038,30.735331943",city,28
1305,ریز,"52.078259788,28.048540377",city,7
1308,ریگ ملک,"61.695337199,28.755467793",city,23
324,ریگان,"59.074110582,28.427416106",county,28
1737,رینه,"52.167458589,35.881845911",city,34
959,ریواده,"57.108447575,36.79041381",city,18
975,ریوش,"58.454780021,35.473798778",city,18
646,ریوند,"57.339878999,36.230178186",city,18
243,زابل,"61.563718626,31.0474205",county,23
759,زابلی,"61.67350668,27.132818807",city,23
1192,زارچ,"56.47,32.01",county,38
1187,زازران,"51.497728152,32.599068067",city,4
594,زاغه,"48.705416932,33.501086542",city,33
244,زاهدان,"60.169608058,29.619672861",county,23
1245,زاهدشهر,"53.804361254,28.748280852",city,24
166,زاوه,"59.734232195,35.286541103",county,18
591,زاووت,"49.686703825,32.403363088",city,20
1858,زاویه,"50.56780077,35.381698129",city,35
979,زاینده رود,"51.254129601,32.378648359",city,4
167,زبرخان,"59.089335391,36.081554537",county,18
245,زرآباد,"56.47,32.01",county,23
801,زرآباد,"44.583715398,38.806431661",city,2
277,زرقان,"52.83652761,29.731791714",county,24
512,زرگر,"52.57215292,36.527344789",city,34
325,زرند,"56.301452634,30.931471268",county,28
428,زرندیه,"50.337950812,35.366301411",county,35
1790,زرنق,"47.073600184,38.095443271",city,1
1313,زرنه,"46.185483898,33.926871337",city,6
704,زرین آباد,"48.285825626,36.433958507",city,21
278,زرین دشت,"54.462722858,28.294956155",county,24
1260,زرین رود,"48.485826713,35.759103498",city,21
1515,زرین شهر,"51.376427184,32.39046369",city,4
563,زرینه,"46.918825215,36.058974181",city,27
223,زنجان,"48.214019433,36.849001392",county,21
796,زنگنه,"49.012887751,34.153832938",city,37
1300,زنگی آباد,"52.859273839,29.976342303",city,24
817,زنگی آباد,"56.912638959,30.412950896",city,28
1494,زنوز,"45.783272808,38.570922799",city,1
633,زهان,"59.8018975,33.412675598",city,17
552,زهرا,"48.293144896,39.048121854",city,3
1391,زهره,"49.683881149,30.46463589",city,20
246,زهک,"61.628952858,30.834599613",county,23
758,زهکلوت,"58.603772889,27.794320758",city,28
1734,زهوکی,"56.47,32.01",city,36
1701,زواره,"52.489349136,33.456298879",city,4
781,زیار,"51.940313228,32.509726427",city,4
572,زیاران,"50.527004198,36.117176137",city,25
1382,زیارت,"57.886773294,37.442099188",city,19
1636,زیارتعلی,"57.227868613,27.738578602",city,36
1521,زیباشهر,"51.567009008,32.384736735",city,4
1402,زیدآباد,"55.53579943,29.599566076",city,28
562,زیر آب,"52.972284983,36.179774495",city,34
143,زیرکوه,"60.219177202,33.535953982",county,17
18642,زیوه,"56.47,32.01",city,3
890,ساربوک,"60.594325406,26.19423697",city,23
1223,ساروق,"49.507289059,34.408572546",city,35
408,ساری,"53.358701338,36.326480395",county,34
1193,سالند,"48.833416801,32.496370301",city,20
133,سامان,"50.882811353,32.550609018",county,16
1408,سامن,"48.703620812,34.209754999",city,37
81,ساوجبلاغ,"50.823955566,36.00697198",county,5
429,ساوه,"50.045243744,35.078230347",county,35
168,سبزوار,"57.409276252,35.944215518",county,18
1312,سپید دشت,"48.884455886,33.218335372",city,33
18857,سپیدار,"56.47,32.01",city,30
279,سپیدان,"51.99948625,30.253847215",county,24
1247,سجاس,"48.562446096,36.240641434",city,21
1839,سده,"52.178835554,30.710788947",city,24
917,سده,"56.47,32.01",city,18
1275,سده لنجان,"51.313053932,32.378085648",city,4
999,سرآبله,"46.566098321,33.766089546",city,6
10,سراب,"47.470262969,37.980214962",county,1
602,سراب باغ,"47.575593553,32.898316078",city,6
1574,سراب حمام,"47.692566315,33.114952493",city,33
940,سراب دوره,"48.021865045,33.562893863",city,33
247,سراوان,"62.490078371,27.260370462",county,23
144,سرایان,"58.327634289,33.493399674",county,17
248,سرباز,"61.207452965,26.683461385",county,23
145,سربیشه,"60.079862727,32.440304716",county,17
343,سرپل ذهاب,"45.896806345,34.530904868",county,29
551,سرجنگل,"60.389199015,28.886885391",city,23
280,سرچهان,"53.696783665,30.090453498",county,24
1860,سرخ رود,"52.456295366,36.673128755",city,34
169,سرخس,"60.775995821,36.298240104",county,18
1436,سرخنکلاته,"54.568092969,36.891017404",city,31
229,سرخه,"53.146727477,34.929422297",county,22
1120,سرخون,"50.553510175,31.740227278",city,16
1538,سرداران,"48.792754945,32.017734312",city,20
1697,سردرود,"46.144359202,38.031193075",city,1
33,سردشت,"45.46510449,36.232613213",county,2
1452,سردشت,"50.212646574,30.325559719",city,20
723,سردشت,"57.903290832,26.456382143",city,36
1558,سردشت لردگان,"50.844284351,31.385276093",city,16
46,سرعین,"47.99332506,38.188127161",county,3
910,سرفاریاب,"50.847418619,30.803634581",city,30
680,سرکان,"48.449883745,34.602001523",city,37
1340,سرگز,"56.657880939,27.944197966",city,36
1731,سرمست,"46.330863414,34.028458879",city,29
1777,سرو,"44.642850794,37.727487344",city,2
308,سروآباد,"46.375408796,35.243941601",county,27
281,سروستان,"53.116109852,29.234140036",county,24
1447,سریش آباد,"47.785127497,35.257137736",city,27
1432,سطر,"47.461917646,34.81182526",city,29
986,سعادت شهر,"53.133351723,30.071557488",city,24
885,سعدآباد,"51.11593917,29.385512614",city,7
871,سعیدآباد,"56.47,32.01",city,8
1307,سفید دشت,"51.183791214,32.131115192",city,16
852,سفید سنگ,"60.100181181,35.660659243",city,18
793,سفیدشهر,"51.349903067,34.1280234",city,4
309,سقز,"46.371548417,36.158358439",county,27
1781,سگزآباد,"49.939701338,35.773427705",city,25
1266,سگزی,"56.47,32.01",city,4
487,سلامی,"59.977110364,34.745444323",city,18
398,سلسله,"48.210399793,33.835229149",county,33
1517,سلطان آباد,"58.036902728,36.402910687",city,18
579,سلطان آباد,"49.700200673,31.050220732",city,20
1440,سلطان شهر,"53.24207438,29.633861549",city,24
224,سلطانیه,"48.824779213,36.486742487",county,21
1311,سلفچگان,"50.458736692,34.473504259",city,26
34,سلماس,"44.672134341,38.141046449",county,2
1761,سلمانشهر,"51.20141625,36.701885332",city,34
1653,سماله,"48.857796106,32.199937268",city,20
190,سملقان,"56.596086024,37.671275877",county,19
230,سمنان,"53.801903446,35.054348533",county,22
64,سمیرم,"51.601455306,31.282824407",county,4
1662,سمیع آباد,"60.900535432,35.143538523",city,18
502,سنته,"46.548496938,36.171098149",city,27
1613,سنخواست,"56.855941038,37.102129447",city,19
616,سندرک,"57.425913083,26.837028696",city,36
344,سنقر,"47.548090386,34.86822958",county,29
1395,سنگان,"60.254082434,34.399252901",city,18
1425,سنگدوین,"54.856574661,36.997472362",city,31
873,سنگر,"49.695482141,37.179047936",city,32
310,سنندج,"46.892544245,35.375607973",county,27
731,سه قلعه,"58.396852045,33.663880425",city,17
583,سهرورد,"48.445375018,36.07084321",city,21
409,سوادکوه,"52.962470901,36.056484754",county,34
410,سوادکوه شمالی,"52.848831354,36.267154278",county,34
834,سودجان,"50.397520271,32.522386407",city,16
1384,سوران,"61.990363352,27.287470228",city,23
744,سورشجان,"50.682978428,32.315150196",city,16
545,سورک,"53.210748781,36.59669799",city,34
862,سورمق,"52.848233466,31.030741352",city,24
9991,سوری,"56.47,32.01",city,33
1501,سوزا,"56.062718087,26.782220099",city,36
972,سوسنگرد,"48.187100085,31.558853165",city,20
571,سوق,"50.463684226,30.840399579",city,30
1388,سومار,"45.640657349,33.884121319",city,29
1601,سی سخت,"51.461009557,30.85699934",city,30
1387,سیاه منصور,"48.497167754,32.330599288",city,20
381,سیاهکل,"49.906454763,36.939164377",county,32
1770,سیب,"56.47,32.01",city,23
249,سیب و سوران,"61.850773363,27.309945116",county,23
12817,سیجوال,"56.47,32.01",city,31
587,سیدآباد,"58.95351541,36.747265131",city,18
1164,سیدان,"53.004664817,30.004948519",city,24
847,سیراف,"52.357697188,27.656624729",city,7
326,سیرجان,"55.682664124,29.33420394",county,28
1317,سیردان,"49.191122348,36.648072274",city,25
823,سیرکان,"62.645937879,26.835973644",city,23
93,سیروان,"46.672856551,33.607190274",county,6
1718,سیریز,"55.970951161,31.017007045",city,28
444,سیریک,"57.222797828,26.484877737",county,36
1606,سیس,"45.819039766,38.196336371",city,1
785,سیلوانه,"44.85124601,37.42173854",city,2
411,سیمرغ,"52.813442089,36.575921855",county,34
559,سیمین شهر,"54.228750641,37.014643641",city,31
1867,سیمینه,"46.149334066,36.730778002",city,2
1696,سین,"51.65595264,32.852817333",city,4
753,سیه چشمه,"44.382927195,39.063905911",city,2
1058,سیه رود,"46.003615728,38.864393527",city,1
1840,شاپور آباد,"49.702541766,33.249382894",city,33
478,شاپورآباد,"51.742556603,32.843516457",city,4
208,شادگان,"48.677834217,30.644375088",county,20
1477,شادمهر,"59.037698056,35.172970792",city,18
430,شازند,"49.302141037,33.893716448",county,35
620,شال,"49.766147703,35.89697962",city,25
875,شاندیز,"59.319973364,36.401013136",city,18
1473,شاهد شهر,"51.085701923,35.576653524",city,8
1385,شاهدیه,"54.279189437,31.942980854",city,38
231,شاهرود,"55.607621259,35.442165727",county,22
18662,شاهنجرین,"56.47,32.01",city,37
983,شاهو,"46.461324201,34.932927678",city,29
35,شاهین دژ,"46.639182004,36.669019139",county,2
1059,شاهین شهر,"51.548027365,32.858108453",city,4
65,شاهین شهر و میمه,"51.183003016,33.302332388",county,4
761,شاوور,"48.303469996,32.050572736",city,20
505,شباب,"46.637476279,33.749851846",city,6
1441,شبانکاره,"50.992776133,29.471120343",city,7
11,شبستر,"45.663598051,38.218822013",county,1
1703,شرافت,"48.766761067,32.0861357",city,20
492,شربیان,"47.103995903,37.895224646",city,1
1573,شرفخانه,"45.491358992,38.180326715",city,1
1779,شروینه,"46.358371959,34.827574144",city,29
1593,شریف آباد,"51.77757243,35.438563533",city,8
1733,شریفیه,"50.149455641,36.21204432",city,25
170,ششتمد,"57.945282375,35.834500306",county,18
1205,ششده,"53.996380943,28.94969707",city,24
382,شفت,"49.374404606,37.083770894",county,32
706,شلمان,"50.218191288,37.157982068",city,32
957,شلمزار,"50.814107028,32.047482468",city,16
1462,شمس آباد,"48.431081944,32.297168172",city,20
637,شمشک,"51.488207561,36.010879324",city,8
1194,شمیرانات,"56.47,32.01",county,8
1079,شنبه,"51.763580576,28.396418175",city,7
1559,شند آباد,"45.62842106,38.149393855",city,1
689,شهباز,"49.534860108,33.880688675",city,35
677,شهداد,"57.701886039,30.420022668",city,28
642,شهر جدید اندیشه,"51.020861013,35.704542909",city,8
1109,شهر جدید مجلسی,"51.499106865,32.197202245",city,4
774,شهر جدیدعلوی,"56.47,32.01",city,36
1289,شهرآباد,"57.936927625,35.148356417",city,18
589,شهرامام,"48.434037146,32.219502668",city,20
327,شهربابک,"55.004658462,30.222337691",county,28
1757,شهرپیر,"54.333860094,28.308051445",city,24
599,شهرجدید امیرکبیر,"56.47,32.01",city,35
1641,شهرجدیدپردیس,"51.809321065,35.746074964",city,8
746,شهرجدیدپرند,"50.977343595,35.463781679",city,8
1631,شهرجدیدسهند,"46.138889412,37.936968255",city,1
1328,شهرجدیدصدرا,"52.524950852,29.759006376",city,24
1555,شهرجدیدمهاجران,"49.436245363,34.05083978",city,35
1292,شهرجدیدهشتگرد,"50.731523815,35.981439877",city,5
1261,شهرزو,"59.930862971,36.747359649",city,18
66,شهرضا,"51.884305686,31.868410808",county,4
134,شهرکرد,"50.798436298,32.303000849",county,16
1091,شهرکهنه,"56.47,32.01",city,18
108,شهریار,"51.039408711,35.610076861",county,8
968,شهمیرزاد,"53.336670946,35.769999575",city,22
1304,شوسف,"60.010759546,31.802494004",city,17
209,شوش,"48.11244016,32.139339505",county,20
210,شوشتر,"48.877881821,31.884244513",county,20
36,شوط,"44.836002328,39.144469559",county,2
1745,شوقان,"56.892008777,37.34362948",city,19
1241,شول آباد,"49.187101789,33.188970903",city,33
1787,شویشه,"46.675982307,35.356569859",city,27
806,شیبان,"48.794398447,31.404679461",city,20
282,شیراز,"52.37247114,29.583144595",county,24
1330,شیرگاه,"52.882065123,36.303854291",city,34
187,شیروان,"57.888983196,37.55076337",county,19
1341,شیرود,"50.792887154,36.845378124",city,34
1281,شیرین سو,"48.452061919,35.493508333",city,37
590,شیرین شهر,"56.47,32.01",city,20
1129,صائین قلعه,"49.071661452,36.312668464",city,21
1862,صاحب,"46.461464892,36.20447783",city,27
1582,صادق آباد,"55.675218423,37.375434843",city,31
171,صالح آباد,"60.953519735,35.700051561",county,18
632,صالح آباد,"46.189291369,33.469881938",city,6
658,صالح آباد,"48.339331914,34.921780554",city,37
558,صالح شهر,"48.667123136,32.217606695",city,20
694,صالحیه,"51.188537569,35.504703301",city,8
490,صبا شهر,"51.119904118,35.579590033",city,8
345,صحنه,"47.484717132,34.572833206",county,29
640,صغاد,"52.5166626,31.191424268",city,24
866,صفائیه,"55.813548143,30.827323339",city,28
1393,صفادشت,"50.853148842,35.687796916",city,8
1868,صفاشهر,"53.166998668,30.599692121",city,24
1188,صفی آباد,"48.424709626,32.25842705",city,20
921,صفی آباد,"57.925572509,36.696169714",city,19
1632,صمصامی,"50.272024584,32.167477339",city,16
573,صوفیان,"45.993147718,38.277821676",city,1
383,صومعه سرا,"49.293384328,37.356630272",county,32
1231,صیدون,"56.47,32.01",county,20
797,ضیاءآباد,"49.490483092,36.016531806",city,25
1069,طاد,"56.47,32.01",city,4
225,طارم,"48.909861712,36.952858135",county,21
1592,طاقانک,"50.838125374,32.223534192",city,16
1435,طالخونچه,"51.563806145,32.25916397",city,4
82,طالقان,"50.808824377,36.208641501",county,5
146,طبس,"56.83813092,33.316396854",county,17
1082,طبس مسینا,"60.221850268,32.810075924",city,17
1161,طبقده,"53.200590621,36.762496129",city,34
1842,طبل,"55.726759543,26.757515657",city,36
1707,طرق رود,"51.790329551,33.356093791",city,4
1224,طرقبه,"59.360898571,36.310212601",city,18
153,طرقبه شاندیز,"59.327063577,36.292491575",county,18
1543,طسوج,"52.705755917,29.267826924",city,24
384,طوالش,"48.782709439,37.887632154",county,32
10169,عاشقلو,"56.47,32.01",city,1
584,عالی شهر,"51.069429462,28.933281618",city,7
412,عباس آباد,"51.152509625,36.650229081",county,34
1211,عباس آبادسردار,"59.079946484,28.680214661",city,28
12,عجب شیر,"45.811434183,37.486634067",county,1
1348,عسگران,"50.853511475,32.863540766",city,4
103,عسلویه,"52.717550784,27.434551547",county,7
819,عشق آباد,"56.928755735,34.361465711",city,17
470,عشق آباد,"58.682487178,36.042530712",city,18
601,عصمت آباد,"50.066467148,35.847469374",city,25
1560,عقدا,"53.633389665,32.442235947",city,38
859,علامرودشت,"53.006223698,27.621056583",city,24
1567,علویجه,"51.079361088,33.047241581",city,4
672,علی آباد,"54.865359706,36.910249052",city,31
598,علی آباد,"57.854103832,28.547002408",city,28
364,علی آباد کتول,"54.862521233,36.839722658",county,31
1585,علی اکبر,"61.327234445,30.938871225",city,23
1086,علیشاه (علی آباد),"45.834882788,38.140246175",city,1
1878,عمادشهر,"53.855248694,27.4432085",city,24
978,عنبر,"49.015110034,32.26383533",city,20
328,عنبرآباد,"58.162404584,28.408678569",county,28
1445,عنبران,"48.428161499,38.498849904",city,3
1097,غرق آباد,"49.834071018,35.10896451",city,35
18629,غلامان,"56.47,32.01",city,19
135,فارسان,"50.559556021,32.225510324",county,16
896,فارغان,"56.250740912,28.012427015",city,36
188,فاروج,"58.17488788,37.187024525",county,19
608,فاروق,"53.049215096,29.963626591",city,24
329,فاریاب,"57.234322637,28.186631587",county,28
1233,فاضل آباد,"54.751812173,36.900954749",city,31
1132,فال,"52.696944286,27.627969412",city,24
452,فامنین,"49.193851584,35.086686835",county,37
1667,فتح آباد,"56.47,32.01",city,24
1083,فتح آباد,"51.542530115,31.602788679",city,4
926,فتح المبین,"48.150267191,32.314274861",city,20
1508,فخرآباد,"47.890371452,38.520576927",city,3
1615,فدامی,"55.134807795,28.215379188",city,24
956,فرادنبه,"51.215837378,32.008106763",city,16
283,فراشبند,"52.210130506,28.634635094",county,24
1783,فراغی,"55.593825749,37.527703353",city,31
431,فراهان,"49.634218411,34.633145099",county,35
779,فرح آباد,"53.107643532,36.798146869",city,34
1267,فرخشهر,"56.47,32.01",county,16
1428,فرخی,"54.947372349,33.843389961",city,4
147,فردوس,"57.970116923,33.954567327",county,17
863,فردوسیه,"51.060425901,35.606025632",city,8
83,فردیس,"50.968200994,35.739337407",county,5
1831,فرسفج,"48.290427468,34.48641611",city,37
18666,فرگ قلعه,"56.47,32.01",city,18
966,فرمهین,"49.688402835,34.502826112",city,35
1170,فرهادگرد,"59.731247685,35.765075572",city,18
1859,فرون آباد,"51.622905053,35.506815929",city,8
67,فریدن,"50.410650309,32.97674171",county,4
68,فریدونشهر,"49.99835787,32.853944506",county,4
413,فریدونکنار,"52.528968112,36.646609311",county,34
734,فریم,"53.271203317,36.172814096",city,34
172,فریمان,"59.887563186,35.698031608",county,18
284,فسا,"53.786549569,28.951406402",county,24
1183,فشم,"51.507497319,35.907532695",city,8
1187,فلارد,"56.47,32.01",county,16
69,فلاورجان,"51.529830509,32.516538829",county,4
250,فنوج,"59.535899179,26.728295896",county,23
330,فهرج,"59.165302343,29.086922767",county,28
1157,فولادشهر,"51.402102515,32.482546626",city,4
385,فومن,"49.166112818,37.184021781",county,32
1354,فیرورق,"44.830182939,38.585902116",city,2
881,فیروز آباد,"48.103410885,33.898414963",city,33
285,فیروزآباد,"52.563471334,28.894400078",county,24
12954,فیروزآباد,"56.47,32.01",city,3
1040,فیروزان,"48.11503413,34.358421943",city,37
116,فیروزکوه,"52.670502848,35.713983716",county,8
173,فیروزه,"58.407628421,36.318955519",county,18
1013,فیض آباد,"58.784471673,35.018994478",city,18
12842,فیل آباد,"56.47,32.01",city,16
1600,فین,"55.887099974,27.631993191",city,36
414,قائم شهر,"52.87932964,36.455928314",county,34
1115,قائمیه,"51.592715525,29.848813513",city,24
148,قائنات,"59.192611098,33.720187365",county,17
973,قادرآباد,"53.254685657,30.276823394",city,24
1699,قاسم آباد,"59.861308155,34.359953112",city,18
12863,قاسم آباد,"56.47,32.01",city,23
1520,قاضی,"56.747033906,37.495457104",city,19
18735,قاهان,"56.47,32.01",city,26
1284,قاین,"59.185082902,33.724153313",city,17
110,قدس,"51.113786254,35.703382657",county,8
962,قدمگاه,"59.05451468,36.106468461",city,18
125,قرچک,"51.560073,35.411066973",county,8
1861,قرق,"54.710956493,36.890345725",city,31
1669,قرقری,"61.716903134,31.265702298",city,23
750,قره آغاج,"46.973795072,37.129004779",city,1
1810,قره بلاغ,"54.132047737,28.90133269",city,24
1799,قره ضیاءالدین,"45.005632195,38.882916389",city,2
311,قروه,"47.828501687,35.224141421",county,27
1252,قروه درگزین,"49.101937485,35.313096944",city,37
302,قزوین,"49.8559885,36.469256678",county,25
475,قشلاق,"50.423534145,36.013980743",city,25
445,قشم,"55.831555994,26.782987058",county,36
1101,قصابه,"47.487673892,38.367278568",city,3
346,قصرشیرین,"45.61366779,34.210830167",county,29
251,قصرقند,"60.801140025,26.062490631",county,23
1536,قطب آباد,"53.637128523,28.639867618",city,24
784,قطرویه,"54.708298885,29.140641834",city,24
1112,قطور,"44.408342911,38.471907805",city,2
1163,قلعه,"46.898950175,34.735874277",city,29
1566,قلعه تل,"49.887956201,31.627400828",city,20
1201,قلعه خواجه,"49.453384632,32.208359725",city,20
524,قلعه رییسی,"50.449288739,31.187786584",city,30
1495,قلعه قاضی,"56.550187381,27.451616096",city,36
331,قلعه گنج,"58.375975169,27.142873231",county,28
1454,قلعه نو,"51.516030961,35.509748319",city,8
1557,قلعه نوعلیا,"60.159294257,35.097237814",city,18
494,قلندرآباد,"59.950724829,35.5992309",city,18
303,قم,"51.045679152,34.692306409",county,26
1042,قمصر,"51.430212749,33.751295861",city,4
556,قنوات,"51.025831426,34.613401521",city,26
777,قهاوند,"49.004133039,34.858911665",city,37
886,قهجاورستان,"51.837276314,32.706968899",city,4
625,قهدریجان,"51.4591362,32.588436161",city,4
953,قهستان,"59.718218503,33.163564694",city,17
174,قوچان,"58.578773131,37.12309657",county,18
1461,قورچی باشی,"49.881138933,33.676486822",city,35
691,قوشچی,"45.039427252,37.990822573",city,2
752,قوشخانه,"57.723013978,37.745345796",city,19
790,قیامدشت,"51.649477449,35.524137821",city,8
695,قیدار,"48.590760995,36.121119175",city,21
1092,قیر,"53.041392397,28.478389031",city,24
286,قیروکارزین,"52.908938153,28.340826529",county,24
1280,کاج,"50.582740023,32.058603169",city,16
1019,کاخک,"58.646098761,34.146821122",city,18
919,کارچان,"49.932485086,34.103835304",city,35
1084,کارزین,"53.105908705,28.409227967",city,24
211,کارون,"48.634261509,31.072693081",county,20
937,کاریز,"60.823365692,34.8114497",city,18
287,کازرون,"51.714497265,29.470014049",county,24
70,کاشان,"51.281865943,33.922390947",county,4
175,کاشمر,"58.552819395,35.224867993",county,18
1439,کاظم آباد,"56.847096419,30.563996296",city,28
1099,کاکی,"51.529036637,28.342224336",city,7
702,کامفیروز,"52.19461027,30.322122437",city,24
1548,کامووچوگان,"51.267161819,33.622418549",city,4
312,کامیاران,"46.917954968,34.952027596",county,27
1794,کانی دینار,"46.20877957,35.466798117",city,27
1073,کانی سور,"45.748893851,36.057528775",city,27
453,کبودرآهنگ,"48.368108648,35.369962264",county,37
1216,کتالم وسادات شهر,"50.715204937,36.879008585",city,34
1537,کجور,"51.732117054,36.382475719",city,34
1094,کدکن,"58.878498273,35.587108796",city,18
84,کرج,"51.147983167,35.96089371",county,5
212,کرخه,"48.372723216,31.858014125",county,20
1297,کردکندی,"56.47,32.01",city,1
365,کردکوی,"54.200860167,36.685481044",county,31
1390,کرسف,"48.505349762,36.046166408",city,21
1531,کرفس,"49.297732282,35.362849713",city,37
1139,کرکوند,"51.447222509,32.343674692",city,4
569,کرگان,"56.47,32.01",city,36
332,کرمان,"58.136559163,30.343522581",county,28
347,کرمانشاه,"47.011607241,34.295394097",county,29
1489,کرند,"56.47,32.01",city,31
1552,کرندغرب,"46.248485607,34.270045292",city,29
1729,کره ای,"53.717925487,30.032970943",city,24
822,کشاورز,"46.352128,36.835270603",city,2
949,کشکسرای,"45.561097925,38.459267032",city,1
1426,کشکوئیه,"56.592865879,28.966246666",city,28
176,کلات,"59.900674572,36.836478586",county,18
544,کلاته,"54.143727895,36.35334405",city,22
901,کلاته خیج,"55.298893038,36.672704182",city,22
588,کلاچای,"50.395842466,37.077718555",city,32
1569,کلارآباد,"51.257325849,36.687230007",city,34
415,کلاردشت,"51.076458951,36.446265282",county,34
366,کلاله,"55.574406522,37.556102683",county,31
1352,کلمه,"51.458320878,28.941293303",city,7
1179,کلوانق,"47.002747605,38.104677877",city,1
730,کلور,"48.720474517,37.387525924",city,3
13,کلیبر,"47.135138674,38.928703395",county,1
1061,کلیشادوسودرجان,"51.532449041,32.547545089",city,4
906,کمالشهر,"50.877807337,35.864967689",city,5
1234,کمشچه,"51.811365777,32.910864095",city,4
1242,کمه,"51.594184695,31.066172972",city,4
432,کمیجان,"49.317021848,34.723205648",county,35
740,کنار تخته,"51.390094133,29.525520852",city,24
252,کنارک,"59.825472951,25.631167993",county,23
1513,کندر,"58.151344603,35.212172215",city,18
856,کنگ,"54.934687247,26.601950263",city,36
104,کنگان,"52.259591121,27.752692368",county,7
348,کنگاور,"47.911368413,34.480626248",county,29
1498,کهریزسنگ,"51.473223904,32.634264746",city,4
1621,کهریزک,"51.358784531,35.51895595",city,8
1196,کهک,"56.47,32.01",county,26
356,کهگیلویه,"50.486759405,31.048165893",county,30
984,کهن آباد,"52.520758486,35.222322165",city,22
333,کهنوج,"57.642520947,27.88966885",county,28
288,کوار,"52.713557436,29.223907735",county,24
1759,کوپن,"51.286765674,30.334697603",city,24
1136,کوت سیدنعیم,"48.383092479,31.456949572",city,20
1342,کوت عبدالله,"48.661958924,31.231615568",city,20
47,کوثر,"48.272435733,37.706855128",county,3
1507,کوچصفهان,"49.771031386,37.278204985",city,32
1032,کوخردهرنگ,"56.47,32.01",city,36
1257,کورائیم,"48.236125265,37.953474336",city,3
1107,کوره,"56.47,32.01",city,24
1283,کوره فرنگی,"56.47,32.01",city,8
1421,کوزران,"46.600260622,34.495202076",city,29
1816,کوزه کنان,"45.580372579,38.192066557",city,1
1271,کوشک,"51.495411366,32.636164185",city,4
1503,کوشکنار,"52.868039019,27.259263096",city,36
1102,کومله,"50.175798492,37.150021817",city,32
289,کوه چنار,"51.702099139,29.784961899",county,24
334,کوهبنان,"56.27199573,31.332579414",county,28
1185,کوهپایه,"56.47,32.01",county,4
399,کوهدشت,"47.381576093,33.551159399",county,33
136,کوهرنگ,"50.037276238,32.418267394",county,16
958,کوهسار,"50.777112802,35.950034998",city,5
503,کوهستک,"57.027154497,26.801553184",city,36
177,کوهسرخ,"58.440816514,35.570860032",county,18
1589,کوهنانی,"47.326330076,33.4025612",city,33
1200,کوهنجان,"52.960004045,29.231088587",city,24
1844,کوهی خیل,"52.905804127,36.687659939",city,34
693,کوهیچ,"54.170632306,27.193361626",city,36
936,کوهین,"49.65892167,36.371897712",city,25
137,کیار,"50.792411568,31.904903875",county,16
538,کیاسر,"53.540035809,36.238541196",city,34
1744,کیاشهر,"49.945542568,37.420467683",city,32
1629,کیاکلا,"52.812374413,36.57590528",city,34
1005,کیان,"50.890200027,32.283141232",city,16
1875,کیانشهر,"56.381762788,31.153554478",city,28
1625,کیش,"53.97953392,26.534861443",city,36
1675,کیلان,"52.168034479,35.550743376",city,8
367,گالیکش,"55.679031412,37.327667669",county,31
1457,گتاب,"52.655019314,36.424888894",city,34
213,گتوند,"48.816676384,32.235829885",county,20
1065,گتیج,"59.139817173,26.722687583",city,23
357,گچساران,"50.744248669,30.303930488",county,30
1465,گراب,"47.236507262,33.474659493",city,33
582,گراب سفلی,"50.897370098,30.942478933",city,30
290,گراش,"53.700846279,27.65203128",county,24
1775,گرگاب,"51.596334968,32.865490651",city,4
368,گرگان,"54.505930112,36.755015827",county,31
1329,گرماب,"48.200311834,35.84923449",city,21
770,گرماب,"56.47,32.01",city,18
486,گرمدره,"51.062740775,35.749021447",city,5
232,گرمسار,"52.174384349,34.942335867",county,22
189,گرمه,"56.245969747,37.156468377",county,19
48,گرمی,"48.066844043,39.022468663",county,3
1347,گروک,"57.09668359,26.587985516",city,36
1821,گزبرخوار,"51.616931827,32.811189076",city,4
527,گزنک,"52.225033492,35.905579288",city,34
898,گزیک,"60.226086449,32.998139388",city,17
924,گشت,"61.952553683,27.788083587",city,23
1166,گل تپه,"48.205985523,35.220740277",city,37
1041,گلباف,"57.731463559,29.884035332",city,28
178,گلبهار,"59.167117592,36.550851007",county,18
71,گلپایگان,"50.379705949,33.45318684",county,4
1410,گلدشت,"51.455305191,32.647961251",city,4
1603,گلزار,"57.046836007,29.71023509",city,28
1561,گلسار,"50.776275175,35.909765155",city,5
1128,گلستان,"51.160875106,35.519920101",city,8
253,گلشن,"62.559483545,27.752037882",county,23
1068,گلشن,"51.752136732,31.930821957",city,4
1138,گلشهر,"50.461650642,33.503649209",city,4
1668,گلگیر,"49.497045183,31.762475323",city,20
1372,گلمکان,"59.158910783,36.482227607",city,18
1267,گلمورتی,"59.44710151,27.480869618",city,23
1337,گله دار,"52.658580734,27.657368212",city,24
416,گلوگاه,"53.80185293,36.717297766",county,34
850,گلیداغ,"55.945821777,37.642222532",city,31
1591,گمیش تپه,"54.076666576,37.070795331",city,31
369,گمیشان,"54.156219814,37.149099839",county,31
179,گناباد,"58.878299536,34.385226501",county,18
105,گناوه,"50.627985075,29.618812146",county,7
370,گنبدکاووس,"55.103352707,37.560141567",county,31
481,گنبکی,"58.86793939,28.714982149",city,28
1526,گندمان,"51.155724467,31.865014247",city,16
656,گهرو,"50.88065965,32.011209412",city,16
1453,گهواره,"46.417438035,34.343567361",city,29
1397,گوجان,"50.542794466,32.245355101",city,16
1572,گودین,"48.079037751,34.507498056",city,29
661,گوراب زرمیخ,"49.220095677,37.306646287",city,32
938,گوریه,"48.754832788,31.854505934",city,20
1715,گوگ تپه,"45.806146593,36.868255741",city,2
1054,گوگان,"45.90823998,37.781605092",city,1
1383,گوگد,"50.354130002,33.474011537",city,4
1182,گوهران,"57.895856863,26.597761469",city,36
724,گیان,"48.24597482,34.176061004",city,37
349,گیلانغرب,"45.971069628,34.068419436",county,29
1793,گیوی,"48.342909754,37.689992243",city,3
955,لاجان,"45.264687786,36.807664549",city,2
1009,لادیز,"56.47,32.01",city,23
963,لار,"54.326663124,27.666023746",city,24
291,لارستان,"54.470718807,27.81170033",county,24
1080,لاریجان,"47.197781137,39.303986296",city,1
1148,لاشار,"56.47,32.01",county,23
1119,لالجین,"48.478623029,34.976692777",city,37
630,لاله زار,"56.811033017,29.527400182",city,28
214,لالی,"49.173926126,32.422081374",county,20
292,لامرد,"53.318543978,27.424700688",county,24
533,لاهرود,"47.829234621,38.497192403",city,3
386,لاهیجان,"50.035569934,37.221755558",county,32
18739,لاهیجان,"56.47,32.01",city,1
1011,لای بید,"50.694291109,33.458548161",city,4
1685,لپویی,"52.662565397,29.796310215",city,24
138,لردگان,"50.85926931,31.416857829",county,16
1541,لشت نشاء,"49.860261136,37.359593321",city,32
1314,لطف آباد,"59.335973649,37.517749224",city,18
992,لطیفی,"54.394077482,27.688973317",city,24
1075,لمزان,"54.888514514,27.045793853",city,36
72,لنجان,"51.226774866,32.389413921",county,4
358,لنده,"50.354535488,30.978671318",county,30
387,لنگرود,"50.118871101,37.126464336",county,32
832,لواسان,"51.636790984,35.817774214",city,8
1130,لوجلی,"57.857932589,37.607397461",city,19
1638,لوشان,"49.509308426,36.630382493",city,32
1173,لولمان,"49.844703299,37.254913439",city,32
931,لومار,"46.812638491,33.56725314",city,6
1114,لوندویل,"48.868146318,38.307542841",city,32
1204,لیردف,"58.86242909,25.638759817",city,36
1586,لیسار,"48.908411301,37.958740218",city,32
1015,لیکک,"50.095256503,30.906710666",city,30
1197,لیلان,"56.47,32.01",county,1
1766,مادرسلیمان,"53.175123948,30.19058364",city,24
1481,مادوان,"51.548923029,30.720071495",city,30
1188,مارگون,"56.47,32.01",county,30
613,ماژان,"59.016080025,32.577749753",city,17
861,ماژین,"47.788604218,32.953913149",city,6
388,ماسال,"48.987876912,37.367293926",county,32
476,ماسوله,"48.990226934,37.154991528",city,32
1782,ماکلوان,"49.193520918,37.191879373",city,32
37,ماکو,"44.59559507,39.454059443",county,2
1482,مال خلیفه,"51.27094591,31.287813168",city,16
738,مالوجه,"56.47,32.01",city,27
1178,مامونیه,"50.489918886,35.307771667",city,35
1264,مانه,"56.47,32.01",county,19
929,ماهان,"57.287918218,30.056974407",city,28
1583,ماهدشت,"50.808168662,35.728979925",city,5
226,ماهنشان,"47.593841302,36.648695842",county,21
1146,مبارک آباد,"53.328954235,28.359115728",city,24
1769,مبارک شهر,"46.061569647,37.18131936",city,1
73,مبارکه,"51.513074157,32.284451247",county,4
553,مجن,"54.647990881,36.479449594",city,22
12812,مجومرد,"56.47,32.01",city,38
433,محلات,"50.427423865,33.907627807",county,35
514,محمدآباد,"61.462741316,30.884511282",city,23
1771,محمدآباد,"52.096537027,32.316516337",city,4
1263,محمدآباد,"59.019436357,28.649473705",city,28
1847,محمدان,"60.554871528,27.201339551",city,23
1110,محمدشهر,"59.017656934,32.875606348",city,17
1693,محمدشهر,"50.898977657,35.749009328",city,5
586,محمدی,"62.385115399,27.321582889",city,23
1870,محمدیار,"45.51568407,36.980827491",city,2
1438,محمدیه,"50.184437133,36.227792365",city,25
729,محمله,"53.058471205,27.78082666",city,24
417,محمودآباد,"52.327427631,36.602660264",county,34
1004,محمودآباد,"46.517990809,36.716661325",city,2
575,محمودآبادنمونه,"49.901716978,36.29321557",city,25
666,محی آباد,"57.151730211,30.082478789",city,28
1140,مرادلو,"47.748666955,38.74652639",city,3
14,مراغه,"46.422078394,37.362003223",county,1
371,مراوه تپه,"55.929401064,37.849006647",county,31
1610,مرجقل,"49.377708872,37.27662252",city,32
479,مردهک,"58.158607472,28.353280291",city,28
821,مرزن آباد,"51.29696648,36.456055363",city,34
1587,مرزی کلا,"52.735839489,36.360547741",city,34
1750,مرگنلر,"44.952775153,39.146687131",city,2
15,مرند,"45.66360859,38.5601334",county,1
293,مرودشت,"52.634843402,30.10937911",county,24
464,مروست,"56.47,32.01",county,38
1427,مریانج,"48.45776664,34.829856944",city,37
313,مریوان,"46.344972453,35.577857053",county,27
813,مزایجان,"53.805911828,30.292231952",city,24
1194,مزدآوند,"60.527257491,36.154938895",city,18
849,مزرج,"56.47,32.01",city,18
1374,مزرعه,"54.857821771,36.954110564",city,31
480,مس سرچشمه,"55.795844388,29.998828279",city,28
215,مسجدسلیمان,"49.311920556,31.948916401",county,20
1514,مسکن مهر فاز2,"56.47,32.01",city,33
1072,مشراگه,"49.437125257,31.010161183",city,20
1096,مشکات,"51.268958031,34.175482677",city,4
484,مشکان,"54.340986952,29.474821361",city,24
697,مشکان,"58.146964022,36.534224454",city,18
1020,مشکین دشت,"50.94309524,35.744653412",city,5
49,مشگین شهر,"47.782040077,38.557486465",county,3
180,مشهد,"59.803780153,36.243791898",county,18
1448,مشهدریزه,"60.514190526,34.79344184",city,18
1449,مصیری,"51.53144986,30.241219888",city,24
1098,مظفری,"56.47,32.01",city,24
713,معزابادجابری,"53.359134248,29.481787835",city,24
1437,معلم کلایه,"50.479156721,36.448888825",city,25
769,معمولان,"47.96184291,33.378078881",city,33
1634,مغانسر,"48.013442464,39.5809745",city,3
1553,ملاثانی,"48.885454119,31.584069569",city,20
111,ملارد,"50.68871663,35.611119597",county,8
454,ملایر,"48.802083682,34.320737207",county,37
1726,ملک آباد,"59.593152992,35.995053038",city,18
16,ملکان,"46.21141288,37.126884534",county,1
94,ملکشاهی,"46.560889373,33.299860861",county,6
294,ممسنی,"51.378862483,30.013750167",county,24
686,ممقان,"45.95940579,37.834854461",city,1
1708,منتظران,"48.384473902,32.268835668",city,20
1749,منج,"50.627079864,31.538645853",city,16
1339,منجیل,"49.405412033,36.728448969",city,32
914,منصوریه,"50.302232409,30.628589857",city,20
498,منظریه,"51.871470838,31.941511427",city,4
335,منوجان,"57.643532191,27.349074609",county,28
181,مه ولات,"58.757975009,34.985168555",county,18
38,مهاباد,"45.740388872,36.671498731",county,2
649,مهاباد,"52.225988409,33.526153272",city,4
1657,مهاجران,"48.61609393,35.080016429",city,37
233,مهدی شهر,"53.399778842,35.887469985",county,22
295,مهر,"52.72338971,27.663231075",county,24
1376,مهر,"46.465471031,33.43105524",city,6
95,مهران,"46.27906822,33.244222331",county,6
1833,مهربان,"47.131452426,38.073856903",city,1
612,مهردشت,"53.349414067,31.032157275",city,38
254,مهرستان,"61.583041543,27.035539898",county,23
18777,مهرگان,"56.47,32.01",city,25
465,مهریز,"54.642673198,31.346717524",county,38
1316,موچش,"47.151188969,35.053201162",city,27
1792,مود,"59.524311881,32.706887387",city,17
1022,مورموری,"47.677128302,32.727663313",city,6
638,موسیان,"47.3771183,32.520593629",city,6
835,مومن آباد,"49.52252803,33.590682313",city,33
234,میامی,"56.050576747,36.616187184",county,22
1191,میان جلگه,"56.47,32.01",county,18
1169,میان راهان,"56.47,32.01",city,29
39,میاندوآب,"46.219255851,37.002601505",county,2
418,میاندورود,"53.257422931,36.601963685",county,34
1229,میانرود,"48.442930559,32.153514635",city,20
1649,میانشهر,"53.857132823,28.718118396",city,24
853,میانکوه,"49.73365793,30.787920991",city,20
17,میانه,"47.728343473,37.466926862",county,1
466,میبد,"53.528346118,31.997155195",county,38
1272,میداود,"49.814715873,31.371351711",city,20
1266,میرآباد,"56.47,32.01",county,2
1268,میرآباد,"46.296492662,34.686496107",city,29
255,میرجاوه,"61.251592448,28.908756607",county,23
547,میلاجرد,"49.218727177,34.621059463",city,35
603,میمند,"52.756222357,28.876405788",city,24
976,میمه,"46.917671375,33.22811908",city,6
690,میمه,"51.177703806,33.438876889",city,4
446,میناب,"57.318113299,26.948311045",county,36
1291,مینادشت,"51.445492808,32.492641904",city,4
372,مینودشت,"55.455435629,37.136446099",county,31
1202,مینوشهر,"48.221939633,30.351467469",city,20
74,نائین,"53.635158477,33.42656633",county,4
1024,نازک علیا,"45.05821266,39.011128952",city,2
12941,ناصرالدین,"56.47,32.01",city,33
1246,ناغان,"50.728857177,31.935846241",city,16
696,نافچ,"50.782600194,32.413433479",city,16
1690,نالوس,"45.146838435,36.982371523",city,2
75,نجف آباد,"51.047242994,32.947486767",county,4
1609,نجف شهر,"55.710550446,29.383495969",city,28
1244,نخل تقی,"52.589395442,27.505219881",city,7
623,ندوشن,"53.54971413,32.029452684",city,38
1656,نراق,"50.837996205,34.009733152",city,35
874,نرجه,"49.608188028,36.000407335",city,25
336,نرماشیر,"58.75952537,29.273650291",county,28
12948,نسر,"56.47,32.01",city,18
1756,نسیم شهر,"51.166946585,35.559175572",city,8
513,نشتارود,"51.044426451,36.739245428",city,34
1420,نشتیفان,"60.17693551,34.432453636",city,18
1686,نصرآباد,"60.316924417,35.418237185",city,18
1018,نصرآباد,"52.062553522,32.279373835",city,4
1430,نصرت آباد,"59.973416345,29.872634689",city,23
1318,نصیرشهر,"51.140292595,35.483288371",city,8
76,نطنز,"51.905839935,33.574288188",county,4
1394,نظام شهر,"58.548049218,28.911636478",city,28
617,نظر کهریزی,"46.762359695,37.348514054",city,1
85,نظرآباد,"50.529296068,35.909232796",county,5
977,نقاب,"57.42435626,36.699405217",city,18
40,نقده,"45.476209526,37.041386209",county,2
1269,نقنه,"51.3292241,31.932415117",city,16
419,نکا,"53.567081327,36.50992039",county,34
900,نگار,"56.800098822,29.861855258",city,28
8685,نگور,"56.47,32.01",city,23
523,نگین شهر,"55.166453194,37.139303502",city,31
604,نلاس,"45.493124555,36.265286382",city,2
50,نمین,"48.466680508,38.392381921",county,3
455,نهاوند,"48.250575845,34.225669438",county,37
149,نهبندان,"59.799883296,31.500373913",county,17
844,نوبران,"49.70907568,35.132626368",city,35
1375,نوبندگان,"53.82443949,28.858505685",city,24
500,نوجین,"52.01471032,29.122616415",city,24
971,نوخندان,"58.988999693,37.517177023",city,18
739,نودان,"51.682046417,29.798017074",city,24
477,نودژ,"57.448633852,27.532738232",city,28
546,نودشه,"46.252919971,35.179463381",city,29
1825,نوده انقلاب,"57.642136185,36.465284961",city,18
578,نوده خاندوز,"55.262857243,37.074989985",city,31
420,نور,"51.913238535,36.281640026",county,34
1864,نور آباد,"51.542502565,30.112235792",city,24
1093,نورآباد,"47.973680213,34.06917676",city,33
996,نوربهار,"48.791272313,35.937132423",city,21
1327,نوسود,"46.203884697,35.163556848",city,29
1255,نوش آباد,"51.439703572,34.080409282",city,4
421,نوشهر,"51.600651138,36.435154397",county,34
1048,نوشین,"45.05066677,37.726416246",city,2
662,نوک آباد,"60.766051591,28.54100357",city,23
1620,نوکنده,"53.913849004,36.739962554",city,31
296,نی ریز,"54.647804889,29.218686464",county,24
1419,نیاسر,"51.152447824,33.972828049",city,4
51,نیر,"48.115117155,37.984004193",county,3
472,نیر,"54.130417611,31.486011122",city,38
182,نیشابور,"58.624591672,36.230678393",county,18
699,نیک آباد,"52.20357995,32.301872183",city,4
256,نیک شهر,"59.927541784,26.342991717",county,23
848,نیکپی,"48.173849369,36.849172096",city,21
1480,نیل شهر,"60.772959025,35.12381695",city,18
493,نیمبلوک,"58.927573525,33.911835",city,17
257,نیمروز,"60.749691817,31.003444458",county,23
1133,نیمور,"50.562874124,33.883078103",city,35
1692,هادی شهر,"52.627057609,36.638540554",city,34
1175,هادیشهر,"45.657485669,38.837084092",city,1
1614,هارونی,"50.569959105,32.390862705",city,16
258,هامون,"61.114746193,30.577947756",county,23
1658,هجدک,"56.997105986,30.759896797",city,28
893,هچیرود,"51.340539198,36.677714569",city,34
654,هرات,"54.372186822,30.050539898",city,38
350,هرسین,"47.453863675,34.340046794",county,29
1590,هرمز,"56.465043722,27.085823295",city,36
77,هرند,"56.47,32.01",county,4
18,هریس,"46.82670127,38.22991925",county,1
1524,هزارکانیان,"46.812270944,35.768160768",city,27
1118,هشتبندی,"57.449709214,27.151178598",city,36
1443,هشتپر,"48.908021253,37.796871971",city,32
1500,هشتجین,"48.326538645,37.370031567",city,3
19,هشترود,"46.908200921,37.427406622",county,1
525,هشتگرد,"50.680295072,35.956945886",city,5
1554,هفت چشمه,"47.765150326,34.209890559",city,33
216,هفتگل,"49.411810994,31.538380564",county,20
1414,هفشجان,"50.791215382,32.225025982",city,16
864,هلشی,"47.092269176,34.113323033",city,29
1183,هلیلان,"56.47,32.01",county,6
1290,هماشهر,"52.083222195,30.111397439",city,24
1476,هماشهر,"55.811089501,29.641411152",city,28
1845,همت آباد,"58.462657798,36.297654264",city,18
456,همدان,"48.802367556,34.825581274",county,37
1877,هندودر,"49.230569984,33.776897141",city,35
217,هندیجان,"49.736794015,30.310939305",county,20
489,هنزا,"57.187027362,29.296963651",city,28
970,هنگویه,"54.010048939,27.068125103",city,36
20,هوراند,"47.384670107,38.847000733",county,1
1055,هوره,"50.852337689,32.561845029",city,16
218,هویزه,"47.948854223,31.306777426",county,20
648,هیدج,"49.137133845,36.261167015",city,21
1206,هیدوچ,"62.110240687,27.001913689",city,23
1302,هیر,"48.505385292,38.07727128",city,3
259,هیرمند,"61.665905911,31.206801564",county,23
1149,واجارگاه,"50.406530149,37.043411767",city,32
764,وایقان,"45.699833034,38.118273938",city,1
1523,وحدتیه,"51.242035473,29.488785248",city,7
1542,وحیدیه,"51.020263454,35.60084778",city,8
126,ورامین,"51.760164272,35.138015386",county,8
1400,وراوی,"53.052713298,27.467364532",city,24
1836,وردنجان,"50.768675057,32.474489308",city,16
21,ورزقان,"46.463870014,38.600825872",county,1
78,ورزنه,"56.47,32.01",county,4
683,ورنامخواست,"51.385900637,32.354147506",city,4
1035,وزوان,"51.183766143,33.41864413",city,4
1344,ونایی,"48.591277609,33.915261745",city,33
1209,ونک,"51.325856345,31.527799513",city,4
1335,ویس,"48.866349413,31.467162247",city,20
745,ویست,"56.47,32.01",city,4
865,ویسیان,"48.030986316,33.488359446",city,33
1264,یاسوج,"51.577123658,30.673781638",city,30
1829,یاسوکند,"47.742379194,36.281156419",city,27
1398,یامچی,"45.645930795,38.518440886",city,1
1562,یان چشمه,"50.726223384,32.669300433",city,16
467,یزد,"54.526379761,31.937039124",county,38
471,یزدان شهر,"56.379122609,30.865554901",city,28
1034,یکه سعود,"56.69183138,38.172168292",city,19
18628,یکه سعود جدید,"56.47,32.01",city,19
18639,ینقاق,"56.47,32.01",city,31
1549,یولاگلدی,"44.817411168,39.284748913",city,2
1673,یونسی,"58.435083877,34.804231457",city,18
